Godot Engine v4.6.2.stable.official.71f334935 - https://godotengine.org

[   0% ] [90m[1mfirst_scan_filesystem[22m | Started Project initialization (5 steps)[39m[0m
[   0% ] [90m[1mfirst_scan_filesystem[22m | Scanning file structure...[39m[0m
[  16% ] [90m[1mfirst_scan_filesystem[22m | Loading global class names...[39m[0m
[  33% ] [90m[1mfirst_scan_filesystem[22m | Verifying GDExtensions...[39m[0m
[  50% ] [90m[1mfirst_scan_filesystem[22m | Creating autoload scripts...[39m[0m
[  66% ] [90m[1mfirst_scan_filesystem[22m | Initializing plugins...[39m[0m
[  83% ] [90m[1mfirst_scan_filesystem[22m | Starting file scan...[39m[0m
[92m[ DONE ][39m [1mfirst_scan_filesystem[22m
[0m
[   0% ] [90m[1m_update_scan_actions[22m | Started Scanning actions... (753 steps)[39m[0m
[   0% ] [90m[1m_update_scan_actions[22m | 0000.png[39m[0m
[   0% ] [90m[1m_update_scan_actions[22m | 0001.png[39m[0m
[   0% ] [90m[1m_update_scan_actions[22m | 0002.png[39m[0m
[   0% ] [90m[1m_update_scan_actions[22m | 0003.png[39m[0m
[   0% ] [90m[1m_update_scan_actions[22m | 0004.png[39m[0m
[   0% ] [90m[1m_update_scan_actions[22m | 0005.png[39m[0m
[   0% ] [90m[1m_update_scan_actions[22m | 0006.png[39m[0m
[   0% ] [90m[1m_update_scan_actions[22m | 0007.png[39m[0m
[   1% ] [90m[1m_update_scan_actions[22m | 0008.png[39m[0m
[   1% ] [90m[1m_update_scan_actions[22m | 0009.png[39m[0m
[   1% ] [90m[1m_update_scan_actions[22m | 0010.png[39m[0m
[   1% ] [90m[1m_update_scan_actions[22m | 0011.png[39m[0m
[   1% ] [90m[1m_update_scan_actions[22m | 0012.png[39m[0m
[   1% ] [90m[1m_update_scan_actions[22m | 0013.png[39m[0m
[   1% ] [90m[1m_update_scan_actions[22m | 0014.png[39m[0m
[   1% ] [90m[1m_update_scan_actions[22m | 0015.png[39m[0m
[   2% ] [90m[1m_update_scan_actions[22m | 0016.png[39m[0m
[   2% ] [90m[1m_update_scan_actions[22m | 0017.png[39m[0m
[   2% ] [90m[1m_update_scan_actions[22m | 0018.png[39m[0m
[   2% ] [90m[1m_update_scan_actions[22m | 0019.png[39m[0m
[   2% ] [90m[1m_update_scan_actions[22m | 0020.png[39m[0m
[   2% ] [90m[1m_update_scan_actions[22m | 0021.png[39m[0m
[   2% ] [90m[1m_update_scan_actions[22m | 0022.png[39m[0m
[   3% ] [90m[1m_update_scan_actions[22m | 0023.png[39m[0m
[   3% ] [90m[1m_update_scan_actions[22m | 0024.png[39m[0m
[   3% ] [90m[1m_update_scan_actions[22m | 0025.png[39m[0m
[   3% ] [90m[1m_update_scan_actions[22m | 0026.png[39m[0m
[   3% ] [90m[1m_update_scan_actions[22m | 0027.png[39m[0m
[   3% ] [90m[1m_update_scan_actions[22m | 0028.png[39m[0m
[   3% ] [90m[1m_update_scan_actions[22m | 0029.png[39m[0m
[   3% ] [90m[1m_update_scan_actions[22m | 0030.png[39m[0m
[   4% ] [90m[1m_update_scan_actions[22m | 0031.png[39m[0m
[   4% ] [90m[1m_update_scan_actions[22m | 0032.png[39m[0m
[   4% ] [90m[1m_update_scan_actions[22m | 0033.png[39m[0m
[   4% ] [90m[1m_update_scan_actions[22m | 0034.png[39m[0m
[   4% ] [90m[1m_update_scan_actions[22m | 0035.png[39m[0m
[   4% ] [90m[1m_update_scan_actions[22m | 0036.png[39m[0m
[   4% ] [90m[1m_update_scan_actions[22m | 0037.png[39m[0m
[   5% ] [90m[1m_update_scan_actions[22m | 0038.png[39m[0m
[   5% ] [90m[1m_update_scan_actions[22m | 0039.png[39m[0m
[   5% ] [90m[1m_update_scan_actions[22m | 0040.png[39m[0m
[   5% ] [90m[1m_update_scan_actions[22m | 0041.png[39m[0m
[   5% ] [90m[1m_update_scan_actions[22m | 0042.png[39m[0m
[   5% ] [90m[1m_update_scan_actions[22m | 0043.png[39m[0m
[   5% ] [90m[1m_update_scan_actions[22m | 0044.png[39m[0m
[   5% ] [90m[1m_update_scan_actions[22m | 0045.png[39m[0m
[   6% ] [90m[1m_update_scan_actions[22m | 0046.png[39m[0m
[   6% ] [90m[1m_update_scan_actions[22m | 0047.png[39m[0m
[   6% ] [90m[1m_update_scan_actions[22m | 0048.png[39m[0m
[   6% ] [90m[1m_update_scan_actions[22m | 0049.png[39m[0m
[   6% ] [90m[1m_update_scan_actions[22m | 0050.png[39m[0m
[   6% ] [90m[1m_update_scan_actions[22m | 0051.png[39m[0m
[   6% ] [90m[1m_update_scan_actions[22m | 0052.png[39m[0m
[   7% ] [90m[1m_update_scan_actions[22m | 0053.png[39m[0m
[   7% ] [90m[1m_update_scan_actions[22m | 0054.png[39m[0m
[   7% ] [90m[1m_update_scan_actions[22m | 0055.png[39m[0m
[   7% ] [90m[1m_update_scan_actions[22m | 0056.png[39m[0m
[   7% ] [90m[1m_update_scan_actions[22m | 0057.png[39m[0m
[   7% ] [90m[1m_update_scan_actions[22m | 0058.png[39m[0m
[   7% ] [90m[1m_update_scan_actions[22m | 0059.png[39m[0m
[   7% ] [90m[1m_update_scan_actions[22m | 0060.png[39m[0m
[   8% ] [90m[1m_update_scan_actions[22m | 0061.png[39m[0m
[   8% ] [90m[1m_update_scan_actions[22m | 0062.png[39m[0m
[   8% ] [90m[1m_update_scan_actions[22m | 0063.png[39m[0m
[   8% ] [90m[1m_update_scan_actions[22m | 0064.png[39m[0m
[   8% ] [90m[1m_update_scan_actions[22m | 0065.png[39m[0m
[   8% ] [90m[1m_update_scan_actions[22m | 0066.png[39m[0m
[   8% ] [90m[1m_update_scan_actions[22m | 0067.png[39m[0m
[   9% ] [90m[1m_update_scan_actions[22m | 0068.png[39m[0m
[   9% ] [90m[1m_update_scan_actions[22m | 0069.png[39m[0m
[   9% ] [90m[1m_update_scan_actions[22m | 0070.png[39m[0m
[   9% ] [90m[1m_update_scan_actions[22m | 0071.png[39m[0m
[   9% ] [90m[1m_update_scan_actions[22m | 0072.png[39m[0m
[   9% ] [90m[1m_update_scan_actions[22m | 0073.png[39m[0m
[   9% ] [90m[1m_update_scan_actions[22m | 0074.png[39m[0m
[   9% ] [90m[1m_update_scan_actions[22m | 0075.png[39m[0m
[  10% ] [90m[1m_update_scan_actions[22m | 0076.png[39m[0m
[  10% ] [90m[1m_update_scan_actions[22m | 0077.png[39m[0m
[  10% ] [90m[1m_update_scan_actions[22m | 0078.png[39m[0m
[  10% ] [90m[1m_update_scan_actions[22m | 0079.png[39m[0m
[  10% ] [90m[1m_update_scan_actions[22m | 0080.png[39m[0m
[  10% ] [90m[1m_update_scan_actions[22m | 0081.png[39m[0m
[  10% ] [90m[1m_update_scan_actions[22m | 0082.png[39m[0m
[  11% ] [90m[1m_update_scan_actions[22m | 0083.png[39m[0m
[  11% ] [90m[1m_update_scan_actions[22m | 0084.png[39m[0m
[  11% ] [90m[1m_update_scan_actions[22m | 0085.png[39m[0m
[  11% ] [90m[1m_update_scan_actions[22m | 0086.png[39m[0m
[  11% ] [90m[1m_update_scan_actions[22m | 0087.png[39m[0m
[  11% ] [90m[1m_update_scan_actions[22m | 0088.png[39m[0m
[  11% ] [90m[1m_update_scan_actions[22m | 0089.png[39m[0m
[  11% ] [90m[1m_update_scan_actions[22m | 0090.png[39m[0m
[  12% ] [90m[1m_update_scan_actions[22m | 0091.png[39m[0m
[  12% ] [90m[1m_update_scan_actions[22m | 0092.png[39m[0m
[  12% ] [90m[1m_update_scan_actions[22m | 0093.png[39m[0m
[  12% ] [90m[1m_update_scan_actions[22m | 0094.png[39m[0m
[  12% ] [90m[1m_update_scan_actions[22m | 0095.png[39m[0m
[  12% ] [90m[1m_update_scan_actions[22m | 0096.png[39m[0m
[  12% ] [90m[1m_update_scan_actions[22m | 0097.png[39m[0m
[  12% ] [90m[1m_update_scan_actions[22m | 0098.png[39m[0m
[  13% ] [90m[1m_update_scan_actions[22m | 0099.png[39m[0m
[  13% ] [90m[1m_update_scan_actions[22m | 0100.png[39m[0m
[  13% ] [90m[1m_update_scan_actions[22m | 0101.png[39m[0m
[  13% ] [90m[1m_update_scan_actions[22m | 0102.png[39m[0m
[  13% ] [90m[1m_update_scan_actions[22m | 0103.png[39m[0m
[  13% ] [90m[1m_update_scan_actions[22m | 0104.png[39m[0m
[  13% ] [90m[1m_update_scan_actions[22m | 0105.png[39m[0m
[  14% ] [90m[1m_update_scan_actions[22m | 0106.png[39m[0m
[  14% ] [90m[1m_update_scan_actions[22m | 0107.png[39m[0m
[  14% ] [90m[1m_update_scan_actions[22m | 0108.png[39m[0m
[  14% ] [90m[1m_update_scan_actions[22m | 0109.png[39m[0m
[  14% ] [90m[1m_update_scan_actions[22m | 0110.png[39m[0m
[  14% ] [90m[1m_update_scan_actions[22m | 0111.png[39m[0m
[  14% ] [90m[1m_update_scan_actions[22m | 0112.png[39m[0m
[  14% ] [90m[1m_update_scan_actions[22m | 0113.png[39m[0m
[  15% ] [90m[1m_update_scan_actions[22m | 0114.png[39m[0m
[  15% ] [90m[1m_update_scan_actions[22m | 0115.png[39m[0m
[  15% ] [90m[1m_update_scan_actions[22m | 0116.png[39m[0m
[  15% ] [90m[1m_update_scan_actions[22m | 0117.png[39m[0m
[  15% ] [90m[1m_update_scan_actions[22m | 0118.png[39m[0m
[  15% ] [90m[1m_update_scan_actions[22m | 0119.png[39m[0m
[  15% ] [90m[1m_update_scan_actions[22m | 0120.png[39m[0m
[  16% ] [90m[1m_update_scan_actions[22m | 0121.png[39m[0m
[  16% ] [90m[1m_update_scan_actions[22m | 0122.png[39m[0m
[  16% ] [90m[1m_update_scan_actions[22m | 0123.png[39m[0m
[  16% ] [90m[1m_update_scan_actions[22m | 0124.png[39m[0m
[  16% ] [90m[1m_update_scan_actions[22m | 0125.png[39m[0m
[  16% ] [90m[1m_update_scan_actions[22m | 0126.png[39m[0m
[  16% ] [90m[1m_update_scan_actions[22m | 0127.png[39m[0m
[  16% ] [90m[1m_update_scan_actions[22m | 0128.png[39m[0m
[  17% ] [90m[1m_update_scan_actions[22m | 0129.png[39m[0m
[  17% ] [90m[1m_update_scan_actions[22m | 0130.png[39m[0m
[  17% ] [90m[1m_update_scan_actions[22m | 0131.png[39m[0m
[  17% ] [90m[1m_update_scan_actions[22m | 0132.png[39m[0m
[  17% ] [90m[1m_update_scan_actions[22m | 0133.png[39m[0m
[  17% ] [90m[1m_update_scan_actions[22m | 0134.png[39m[0m
[  17% ] [90m[1m_update_scan_actions[22m | 0135.png[39m[0m
[  18% ] [90m[1m_update_scan_actions[22m | 0136.png[39m[0m
[  18% ] [90m[1m_update_scan_actions[22m | 0137.png[39m[0m
[  18% ] [90m[1m_update_scan_actions[22m | 0138.png[39m[0m
[  18% ] [90m[1m_update_scan_actions[22m | 0139.png[39m[0m
[  18% ] [90m[1m_update_scan_actions[22m | 0140.png[39m[0m
[  18% ] [90m[1m_update_scan_actions[22m | 0141.png[39m[0m
[  18% ] [90m[1m_update_scan_actions[22m | 0142.png[39m[0m
[  18% ] [90m[1m_update_scan_actions[22m | 0143.png[39m[0m
[  19% ] [90m[1m_update_scan_actions[22m | 0144.png[39m[0m
[  19% ] [90m[1m_update_scan_actions[22m | 0145.png[39m[0m
[  19% ] [90m[1m_update_scan_actions[22m | 0146.png[39m[0m
[  19% ] [90m[1m_update_scan_actions[22m | 0147.png[39m[0m
[  19% ] [90m[1m_update_scan_actions[22m | 0148.png[39m[0m
[  19% ] [90m[1m_update_scan_actions[22m | 0149.png[39m[0m
[  19% ] [90m[1m_update_scan_actions[22m | 0150.png[39m[0m
[  20% ] [90m[1m_update_scan_actions[22m | 0151.png[39m[0m
[  20% ] [90m[1m_update_scan_actions[22m | 0152.png[39m[0m
[  20% ] [90m[1m_update_scan_actions[22m | 0153.png[39m[0m
[  20% ] [90m[1m_update_scan_actions[22m | 0154.png[39m[0m
[  20% ] [90m[1m_update_scan_actions[22m | 0155.png[39m[0m
[  20% ] [90m[1m_update_scan_actions[22m | 0156.png[39m[0m
[  20% ] [90m[1m_update_scan_actions[22m | 0157.png[39m[0m
[  20% ] [90m[1m_update_scan_actions[22m | 0158.png[39m[0m
[  21% ] [90m[1m_update_scan_actions[22m | 0159.png[39m[0m
[  21% ] [90m[1m_update_scan_actions[22m | 0160.png[39m[0m
[  21% ] [90m[1m_update_scan_actions[22m | 0161.png[39m[0m
[  21% ] [90m[1m_update_scan_actions[22m | 0162.png[39m[0m
[  21% ] [90m[1m_update_scan_actions[22m | 0163.png[39m[0m
[  21% ] [90m[1m_update_scan_actions[22m | 0164.png[39m[0m
[  21% ] [90m[1m_update_scan_actions[22m | 0165.png[39m[0m
[  22% ] [90m[1m_update_scan_actions[22m | 0166.png[39m[0m
[  22% ] [90m[1m_update_scan_actions[22m | 0167.png[39m[0m
[  22% ] [90m[1m_update_scan_actions[22m | 0168.png[39m[0m
[  22% ] [90m[1m_update_scan_actions[22m | 0169.png[39m[0m
[  22% ] [90m[1m_update_scan_actions[22m | 0170.png[39m[0m
[  22% ] [90m[1m_update_scan_actions[22m | 0171.png[39m[0m
[  22% ] [90m[1m_update_scan_actions[22m | 0172.png[39m[0m
[  22% ] [90m[1m_update_scan_actions[22m | 0173.png[39m[0m
[  23% ] [90m[1m_update_scan_actions[22m | 0174.png[39m[0m
[  23% ] [90m[1m_update_scan_actions[22m | 0175.png[39m[0m
[  23% ] [90m[1m_update_scan_actions[22m | 0176.png[39m[0m
[  23% ] [90m[1m_update_scan_actions[22m | 0177.png[39m[0m
[  23% ] [90m[1m_update_scan_actions[22m | 0178.png[39m[0m
[  23% ] [90m[1m_update_scan_actions[22m | 0179.png[39m[0m
[  23% ] [90m[1m_update_scan_actions[22m | 0180.png[39m[0m
[  24% ] [90m[1m_update_scan_actions[22m | 0181.png[39m[0m
[  24% ] [90m[1m_update_scan_actions[22m | 0182.png[39m[0m
[  24% ] [90m[1m_update_scan_actions[22m | 0183.png[39m[0m
[  24% ] [90m[1m_update_scan_actions[22m | 0184.png[39m[0m
[  24% ] [90m[1m_update_scan_actions[22m | 0185.png[39m[0m
[  24% ] [90m[1m_update_scan_actions[22m | 0186.png[39m[0m
[  24% ] [90m[1m_update_scan_actions[22m | 0187.png[39m[0m
[  24% ] [90m[1m_update_scan_actions[22m | 0188.png[39m[0m
[  25% ] [90m[1m_update_scan_actions[22m | 0189.png[39m[0m
[  25% ] [90m[1m_update_scan_actions[22m | 0190.png[39m[0m
[  25% ] [90m[1m_update_scan_actions[22m | 0191.png[39m[0m
[  25% ] [90m[1m_update_scan_actions[22m | 0192.png[39m[0m
[  25% ] [90m[1m_update_scan_actions[22m | 0193.png[39m[0m
[  25% ] [90m[1m_update_scan_actions[22m | 0194.png[39m[0m
[  25% ] [90m[1m_update_scan_actions[22m | 0195.png[39m[0m
[  25% ] [90m[1m_update_scan_actions[22m | 0196.png[39m[0m
[  26% ] [90m[1m_update_scan_actions[22m | 0197.png[39m[0m
[  26% ] [90m[1m_update_scan_actions[22m | 0198.png[39m[0m
[  26% ] [90m[1m_update_scan_actions[22m | 0199.png[39m[0m
[  26% ] [90m[1m_update_scan_actions[22m | 0200.png[39m[0m
[  26% ] [90m[1m_update_scan_actions[22m | 0201.png[39m[0m
[  26% ] [90m[1m_update_scan_actions[22m | 0202.png[39m[0m
[  26% ] [90m[1m_update_scan_actions[22m | 0203.png[39m[0m
[  27% ] [90m[1m_update_scan_actions[22m | 0204.png[39m[0m
[  27% ] [90m[1m_update_scan_actions[22m | 0205.png[39m[0m
[  27% ] [90m[1m_update_scan_actions[22m | 0206.png[39m[0m
[  27% ] [90m[1m_update_scan_actions[22m | 0207.png[39m[0m
[  27% ] [90m[1m_update_scan_actions[22m | 0208.png[39m[0m
[  27% ] [90m[1m_update_scan_actions[22m | 0209.png[39m[0m
[  27% ] [90m[1m_update_scan_actions[22m | 0210.png[39m[0m
[  27% ] [90m[1m_update_scan_actions[22m | 0211.png[39m[0m
[  28% ] [90m[1m_update_scan_actions[22m | 0212.png[39m[0m
[  28% ] [90m[1m_update_scan_actions[22m | 0213.png[39m[0m
[  28% ] [90m[1m_update_scan_actions[22m | 0214.png[39m[0m
[  28% ] [90m[1m_update_scan_actions[22m | 0215.png[39m[0m
[  28% ] [90m[1m_update_scan_actions[22m | 0216.png[39m[0m
[  28% ] [90m[1m_update_scan_actions[22m | 0217.png[39m[0m
[  28% ] [90m[1m_update_scan_actions[22m | 0218.png[39m[0m
[  29% ] [90m[1m_update_scan_actions[22m | 0219.png[39m[0m
[  29% ] [90m[1m_update_scan_actions[22m | 0220.png[39m[0m
[  29% ] [90m[1m_update_scan_actions[22m | 0221.png[39m[0m
[  29% ] [90m[1m_update_scan_actions[22m | 0222.png[39m[0m
[  29% ] [90m[1m_update_scan_actions[22m | 0223.png[39m[0m
[  29% ] [90m[1m_update_scan_actions[22m | 0224.png[39m[0m
[  29% ] [90m[1m_update_scan_actions[22m | 0225.png[39m[0m
[  29% ] [90m[1m_update_scan_actions[22m | 0226.png[39m[0m
[  30% ] [90m[1m_update_scan_actions[22m | 0227.png[39m[0m
[  30% ] [90m[1m_update_scan_actions[22m | 0228.png[39m[0m
[  30% ] [90m[1m_update_scan_actions[22m | 0229.png[39m[0m
[  30% ] [90m[1m_update_scan_actions[22m | 0230.png[39m[0m
[  30% ] [90m[1m_update_scan_actions[22m | 0231.png[39m[0m
[  30% ] [90m[1m_update_scan_actions[22m | 0232.png[39m[0m
[  30% ] [90m[1m_update_scan_actions[22m | 0233.png[39m[0m
[  31% ] [90m[1m_update_scan_actions[22m | 0234.png[39m[0m
[  31% ] [90m[1m_update_scan_actions[22m | 0235.png[39m[0m
[  31% ] [90m[1m_update_scan_actions[22m | 0236.png[39m[0m
[  31% ] [90m[1m_update_scan_actions[22m | 0237.png[39m[0m
[  31% ] [90m[1m_update_scan_actions[22m | 0238.png[39m[0m
[  31% ] [90m[1m_update_scan_actions[22m | 0239.png[39m[0m
[  31% ] [90m[1m_update_scan_actions[22m | 0240.png[39m[0m
[  31% ] [90m[1m_update_scan_actions[22m | 0241.png[39m[0m
[  32% ] [90m[1m_update_scan_actions[22m | 0242.png[39m[0m
[  32% ] [90m[1m_update_scan_actions[22m | 0243.png[39m[0m
[  32% ] [90m[1m_update_scan_actions[22m | 0244.png[39m[0m
[  32% ] [90m[1m_update_scan_actions[22m | 0245.png[39m[0m
[  32% ] [90m[1m_update_scan_actions[22m | 0246.png[39m[0m
[  32% ] [90m[1m_update_scan_actions[22m | 0247.png[39m[0m
[  32% ] [90m[1m_update_scan_actions[22m | 0248.png[39m[0m
[  33% ] [90m[1m_update_scan_actions[22m | 0249.png[39m[0m
[  33% ] [90m[1m_update_scan_actions[22m | 0250.png[39m[0m
[  33% ] [90m[1m_update_scan_actions[22m | 0251.png[39m[0m
[  33% ] [90m[1m_update_scan_actions[22m | 0252.png[39m[0m
[  33% ] [90m[1m_update_scan_actions[22m | 0253.png[39m[0m
[  33% ] [90m[1m_update_scan_actions[22m | 0254.png[39m[0m
[  33% ] [90m[1m_update_scan_actions[22m | 0255.png[39m[0m
[  33% ] [90m[1m_update_scan_actions[22m | 0256.png[39m[0m
[  34% ] [90m[1m_update_scan_actions[22m | 0257.png[39m[0m
[  34% ] [90m[1m_update_scan_actions[22m | 0258.png[39m[0m
[  34% ] [90m[1m_update_scan_actions[22m | 0259.png[39m[0m
[  34% ] [90m[1m_update_scan_actions[22m | 0260.png[39m[0m
[  34% ] [90m[1m_update_scan_actions[22m | 0261.png[39m[0m
[  34% ] [90m[1m_update_scan_actions[22m | 0262.png[39m[0m
[  34% ] [90m[1m_update_scan_actions[22m | 0263.png[39m[0m
[  35% ] [90m[1m_update_scan_actions[22m | 0264.png[39m[0m
[  35% ] [90m[1m_update_scan_actions[22m | 0265.png[39m[0m
[  35% ] [90m[1m_update_scan_actions[22m | 0266.png[39m[0m
[  35% ] [90m[1m_update_scan_actions[22m | 0267.png[39m[0m
[  35% ] [90m[1m_update_scan_actions[22m | 0268.png[39m[0m
[  35% ] [90m[1m_update_scan_actions[22m | 0269.png[39m[0m
[  35% ] [90m[1m_update_scan_actions[22m | 0270.png[39m[0m
[  35% ] [90m[1m_update_scan_actions[22m | 0271.png[39m[0m
[  36% ] [90m[1m_update_scan_actions[22m | 0272.png[39m[0m
[  36% ] [90m[1m_update_scan_actions[22m | 0273.png[39m[0m
[  36% ] [90m[1m_update_scan_actions[22m | 0274.png[39m[0m
[  36% ] [90m[1m_update_scan_actions[22m | 0275.png[39m[0m
[  36% ] [90m[1m_update_scan_actions[22m | 0276.png[39m[0m
[  36% ] [90m[1m_update_scan_actions[22m | 0277.png[39m[0m
[  36% ] [90m[1m_update_scan_actions[22m | 0278.png[39m[0m
[  37% ] [90m[1m_update_scan_actions[22m | 0279.png[39m[0m
[  37% ] [90m[1m_update_scan_actions[22m | 0280.png[39m[0m
[  37% ] [90m[1m_update_scan_actions[22m | 0281.png[39m[0m
[  37% ] [90m[1m_update_scan_actions[22m | 0282.png[39m[0m
[  37% ] [90m[1m_update_scan_actions[22m | 0283.png[39m[0m
[  37% ] [90m[1m_update_scan_actions[22m | 0284.png[39m[0m
[  37% ] [90m[1m_update_scan_actions[22m | 0285.png[39m[0m
[  37% ] [90m[1m_update_scan_actions[22m | 0286.png[39m[0m
[  38% ] [90m[1m_update_scan_actions[22m | 0287.png[39m[0m
[  38% ] [90m[1m_update_scan_actions[22m | 0288.png[39m[0m
[  38% ] [90m[1m_update_scan_actions[22m | 0289.png[39m[0m
[  38% ] [90m[1m_update_scan_actions[22m | 0290.png[39m[0m
[  38% ] [90m[1m_update_scan_actions[22m | 0291.png[39m[0m
[  38% ] [90m[1m_update_scan_actions[22m | 0292.png[39m[0m
[  38% ] [90m[1m_update_scan_actions[22m | 0293.png[39m[0m
[  38% ] [90m[1m_update_scan_actions[22m | 0294.png[39m[0m
[  39% ] [90m[1m_update_scan_actions[22m | 0295.png[39m[0m
[  39% ] [90m[1m_update_scan_actions[22m | 0296.png[39m[0m
[  39% ] [90m[1m_update_scan_actions[22m | 0297.png[39m[0m
[  39% ] [90m[1m_update_scan_actions[22m | 0298.png[39m[0m
[  39% ] [90m[1m_update_scan_actions[22m | 0299.png[39m[0m
[  39% ] [90m[1m_update_scan_actions[22m | 0300.png[39m[0m
[  39% ] [90m[1m_update_scan_actions[22m | 0301.png[39m[0m
[  40% ] [90m[1m_update_scan_actions[22m | 0302.png[39m[0m
[  40% ] [90m[1m_update_scan_actions[22m | 0303.png[39m[0m
[  40% ] [90m[1m_update_scan_actions[22m | 0304.png[39m[0m
[  40% ] [90m[1m_update_scan_actions[22m | 0305.png[39m[0m
[  40% ] [90m[1m_update_scan_actions[22m | 0306.png[39m[0m
[  40% ] [90m[1m_update_scan_actions[22m | 0307.png[39m[0m
[  40% ] [90m[1m_update_scan_actions[22m | 0308.png[39m[0m
[  40% ] [90m[1m_update_scan_actions[22m | 0309.png[39m[0m
[  41% ] [90m[1m_update_scan_actions[22m | 0310.png[39m[0m
[  41% ] [90m[1m_update_scan_actions[22m | 0311.png[39m[0m
[  41% ] [90m[1m_update_scan_actions[22m | 0312.png[39m[0m
[  41% ] [90m[1m_update_scan_actions[22m | 0313.png[39m[0m
[  41% ] [90m[1m_update_scan_actions[22m | 0314.png[39m[0m
[  41% ] [90m[1m_update_scan_actions[22m | 0315.png[39m[0m
[  41% ] [90m[1m_update_scan_actions[22m | 0316.png[39m[0m
[  42% ] [90m[1m_update_scan_actions[22m | 0317.png[39m[0m
[  42% ] [90m[1m_update_scan_actions[22m | 0318.png[39m[0m
[  42% ] [90m[1m_update_scan_actions[22m | 0319.png[39m[0m
[  42% ] [90m[1m_update_scan_actions[22m | 0320.png[39m[0m
[  42% ] [90m[1m_update_scan_actions[22m | 0321.png[39m[0m
[  42% ] [90m[1m_update_scan_actions[22m | 0322.png[39m[0m
[  42% ] [90m[1m_update_scan_actions[22m | 0323.png[39m[0m
[  42% ] [90m[1m_update_scan_actions[22m | 0324.png[39m[0m
[  43% ] [90m[1m_update_scan_actions[22m | 0325.png[39m[0m
[  43% ] [90m[1m_update_scan_actions[22m | 0326.png[39m[0m
[  43% ] [90m[1m_update_scan_actions[22m | 0327.png[39m[0m
[  43% ] [90m[1m_update_scan_actions[22m | 0328.png[39m[0m
[  43% ] [90m[1m_update_scan_actions[22m | 0329.png[39m[0m
[  43% ] [90m[1m_update_scan_actions[22m | 0330.png[39m[0m
[  43% ] [90m[1m_update_scan_actions[22m | 0331.png[39m[0m
[  44% ] [90m[1m_update_scan_actions[22m | 0332.png[39m[0m
[  44% ] [90m[1m_update_scan_actions[22m | 0333.png[39m[0m
[  44% ] [90m[1m_update_scan_actions[22m | 0334.png[39m[0m
[  44% ] [90m[1m_update_scan_actions[22m | 0335.png[39m[0m
[  44% ] [90m[1m_update_scan_actions[22m | 0336.png[39m[0m
[  44% ] [90m[1m_update_scan_actions[22m | 0337.png[39m[0m
[  44% ] [90m[1m_update_scan_actions[22m | 0338.png[39m[0m
[  44% ] [90m[1m_update_scan_actions[22m | 0339.png[39m[0m
[  45% ] [90m[1m_update_scan_actions[22m | 0340.png[39m[0m
[  45% ] [90m[1m_update_scan_actions[22m | 0341.png[39m[0m
[  45% ] [90m[1m_update_scan_actions[22m | 0342.png[39m[0m
[  45% ] [90m[1m_update_scan_actions[22m | 0343.png[39m[0m
[  45% ] [90m[1m_update_scan_actions[22m | 0344.png[39m[0m
[  45% ] [90m[1m_update_scan_actions[22m | 0345.png[39m[0m
[  45% ] [90m[1m_update_scan_actions[22m | 0346.png[39m[0m
[  46% ] [90m[1m_update_scan_actions[22m | 0347.png[39m[0m
[  46% ] [90m[1m_update_scan_actions[22m | 0348.png[39m[0m
[  46% ] [90m[1m_update_scan_actions[22m | 0349.png[39m[0m
[  46% ] [90m[1m_update_scan_actions[22m | 0350.png[39m[0m
[  46% ] [90m[1m_update_scan_actions[22m | 0351.png[39m[0m
[  46% ] [90m[1m_update_scan_actions[22m | 0352.png[39m[0m
[  46% ] [90m[1m_update_scan_actions[22m | 0353.png[39m[0m
[  46% ] [90m[1m_update_scan_actions[22m | 0354.png[39m[0m
[  47% ] [90m[1m_update_scan_actions[22m | 0355.png[39m[0m
[  47% ] [90m[1m_update_scan_actions[22m | 0356.png[39m[0m
[  47% ] [90m[1m_update_scan_actions[22m | 0357.png[39m[0m
[  47% ] [90m[1m_update_scan_actions[22m | 0358.png[39m[0m
[  47% ] [90m[1m_update_scan_actions[22m | 0359.png[39m[0m
[  47% ] [90m[1m_update_scan_actions[22m | 0360.png[39m[0m
[  47% ] [90m[1m_update_scan_actions[22m | 0361.png[39m[0m
[  48% ] [90m[1m_update_scan_actions[22m | 0362.png[39m[0m
[  48% ] [90m[1m_update_scan_actions[22m | 0363.png[39m[0m
[  48% ] [90m[1m_update_scan_actions[22m | 0364.png[39m[0m
[  48% ] [90m[1m_update_scan_actions[22m | 0365.png[39m[0m
[  48% ] [90m[1m_update_scan_actions[22m | 0366.png[39m[0m
[  48% ] [90m[1m_update_scan_actions[22m | 0367.png[39m[0m
[  48% ] [90m[1m_update_scan_actions[22m | 0368.png[39m[0m
[  48% ] [90m[1m_update_scan_actions[22m | 0369.png[39m[0m
[  49% ] [90m[1m_update_scan_actions[22m | 0370.png[39m[0m
[  49% ] [90m[1m_update_scan_actions[22m | 0371.png[39m[0m
[  49% ] [90m[1m_update_scan_actions[22m | 0372.png[39m[0m
[  49% ] [90m[1m_update_scan_actions[22m | 0373.png[39m[0m
[  49% ] [90m[1m_update_scan_actions[22m | 0374.png[39m[0m
[  49% ] [90m[1m_update_scan_actions[22m | 0375.png[39m[0m
[  49% ] [90m[1m_update_scan_actions[22m | 0376.png[39m[0m
[  50% ] [90m[1m_update_scan_actions[22m | 0377.png[39m[0m
[  50% ] [90m[1m_update_scan_actions[22m | 0378.png[39m[0m
[  50% ] [90m[1m_update_scan_actions[22m | 0379.png[39m[0m
[  50% ] [90m[1m_update_scan_actions[22m | 0380.png[39m[0m
[  50% ] [90m[1m_update_scan_actions[22m | 0381.png[39m[0m
[  50% ] [90m[1m_update_scan_actions[22m | 0382.png[39m[0m
[  50% ] [90m[1m_update_scan_actions[22m | 0383.png[39m[0m
[  50% ] [90m[1m_update_scan_actions[22m | 0384.png[39m[0m
[  51% ] [90m[1m_update_scan_actions[22m | 0385.png[39m[0m
[  51% ] [90m[1m_update_scan_actions[22m | 0386.png[39m[0m
[  51% ] [90m[1m_update_scan_actions[22m | 0387.png[39m[0m
[  51% ] [90m[1m_update_scan_actions[22m | 0388.png[39m[0m
[  51% ] [90m[1m_update_scan_actions[22m | 0389.png[39m[0m
[  51% ] [90m[1m_update_scan_actions[22m | 0390.png[39m[0m
[  51% ] [90m[1m_update_scan_actions[22m | 0391.png[39m[0m
[  51% ] [90m[1m_update_scan_actions[22m | 0392.png[39m[0m
[  52% ] [90m[1m_update_scan_actions[22m | 0393.png[39m[0m
[  52% ] [90m[1m_update_scan_actions[22m | 0394.png[39m[0m
[  52% ] [90m[1m_update_scan_actions[22m | 0395.png[39m[0m
[  52% ] [90m[1m_update_scan_actions[22m | 0396.png[39m[0m
[  52% ] [90m[1m_update_scan_actions[22m | 0397.png[39m[0m
[  52% ] [90m[1m_update_scan_actions[22m | 0398.png[39m[0m
[  52% ] [90m[1m_update_scan_actions[22m | 0399.png[39m[0m
[  53% ] [90m[1m_update_scan_actions[22m | 0400.png[39m[0m
[  53% ] [90m[1m_update_scan_actions[22m | 0401.png[39m[0m
[  53% ] [90m[1m_update_scan_actions[22m | 0402.png[39m[0m
[  53% ] [90m[1m_update_scan_actions[22m | 0403.png[39m[0m
[  53% ] [90m[1m_update_scan_actions[22m | 0404.png[39m[0m
[  53% ] [90m[1m_update_scan_actions[22m | 0405.png[39m[0m
[  53% ] [90m[1m_update_scan_actions[22m | 0406.png[39m[0m
[  53% ] [90m[1m_update_scan_actions[22m | 0407.png[39m[0m
[  54% ] [90m[1m_update_scan_actions[22m | 0408.png[39m[0m
[  54% ] [90m[1m_update_scan_actions[22m | 0409.png[39m[0m
[  54% ] [90m[1m_update_scan_actions[22m | 0410.png[39m[0m
[  54% ] [90m[1m_update_scan_actions[22m | 0411.png[39m[0m
[  54% ] [90m[1m_update_scan_actions[22m | 0412.png[39m[0m
[  54% ] [90m[1m_update_scan_actions[22m | 0413.png[39m[0m
[  54% ] [90m[1m_update_scan_actions[22m | 0414.png[39m[0m
[  55% ] [90m[1m_update_scan_actions[22m | 0415.png[39m[0m
[  55% ] [90m[1m_update_scan_actions[22m | 0416.png[39m[0m
[  55% ] [90m[1m_update_scan_actions[22m | 0417.png[39m[0m
[  55% ] [90m[1m_update_scan_actions[22m | 0418.png[39m[0m
[  55% ] [90m[1m_update_scan_actions[22m | 0419.png[39m[0m
[  55% ] [90m[1m_update_scan_actions[22m | 0420.png[39m[0m
[  55% ] [90m[1m_update_scan_actions[22m | 0421.png[39m[0m
[  55% ] [90m[1m_update_scan_actions[22m | 0422.png[39m[0m
[  56% ] [90m[1m_update_scan_actions[22m | 0423.png[39m[0m
[  56% ] [90m[1m_update_scan_actions[22m | 0424.png[39m[0m
[  56% ] [90m[1m_update_scan_actions[22m | 0425.png[39m[0m
[  56% ] [90m[1m_update_scan_actions[22m | 0426.png[39m[0m
[  56% ] [90m[1m_update_scan_actions[22m | 0427.png[39m[0m
[  56% ] [90m[1m_update_scan_actions[22m | 0428.png[39m[0m
[  56% ] [90m[1m_update_scan_actions[22m | 0429.png[39m[0m
[  57% ] [90m[1m_update_scan_actions[22m | 0430.png[39m[0m
[  57% ] [90m[1m_update_scan_actions[22m | 0431.png[39m[0m
[  57% ] [90m[1m_update_scan_actions[22m | 0432.png[39m[0m
[  57% ] [90m[1m_update_scan_actions[22m | 0433.png[39m[0m
[  57% ] [90m[1m_update_scan_actions[22m | 0434.png[39m[0m
[  57% ] [90m[1m_update_scan_actions[22m | 0435.png[39m[0m
[  57% ] [90m[1m_update_scan_actions[22m | 0436.png[39m[0m
[  57% ] [90m[1m_update_scan_actions[22m | 0437.png[39m[0m
[  58% ] [90m[1m_update_scan_actions[22m | 0438.png[39m[0m
[  58% ] [90m[1m_update_scan_actions[22m | 0439.png[39m[0m
[  58% ] [90m[1m_update_scan_actions[22m | 0440.png[39m[0m
[  58% ] [90m[1m_update_scan_actions[22m | 0441.png[39m[0m
[  58% ] [90m[1m_update_scan_actions[22m | 0442.png[39m[0m
[  58% ] [90m[1m_update_scan_actions[22m | 0443.png[39m[0m
[  58% ] [90m[1m_update_scan_actions[22m | 0444.png[39m[0m
[  59% ] [90m[1m_update_scan_actions[22m | 0445.png[39m[0m
[  59% ] [90m[1m_update_scan_actions[22m | 0446.png[39m[0m
[  59% ] [90m[1m_update_scan_actions[22m | 0447.png[39m[0m
[  59% ] [90m[1m_update_scan_actions[22m | 0448.png[39m[0m
[  59% ] [90m[1m_update_scan_actions[22m | 0449.png[39m[0m
[  59% ] [90m[1m_update_scan_actions[22m | 0450.png[39m[0m
[  59% ] [90m[1m_update_scan_actions[22m | 0451.png[39m[0m
[  59% ] [90m[1m_update_scan_actions[22m | 0452.png[39m[0m
[  60% ] [90m[1m_update_scan_actions[22m | 0453.png[39m[0m
[  60% ] [90m[1m_update_scan_actions[22m | 0454.png[39m[0m
[  60% ] [90m[1m_update_scan_actions[22m | 0455.png[39m[0m
[  60% ] [90m[1m_update_scan_actions[22m | 0456.png[39m[0m
[  60% ] [90m[1m_update_scan_actions[22m | 0457.png[39m[0m
[  60% ] [90m[1m_update_scan_actions[22m | 0458.png[39m[0m
[  60% ] [90m[1m_update_scan_actions[22m | 0459.png[39m[0m
[  61% ] [90m[1m_update_scan_actions[22m | 0460.png[39m[0m
[  61% ] [90m[1m_update_scan_actions[22m | 0461.png[39m[0m
[  61% ] [90m[1m_update_scan_actions[22m | 0462.png[39m[0m
[  61% ] [90m[1m_update_scan_actions[22m | 0463.png[39m[0m
[  61% ] [90m[1m_update_scan_actions[22m | 0464.png[39m[0m
[  61% ] [90m[1m_update_scan_actions[22m | 0465.png[39m[0m
[  61% ] [90m[1m_update_scan_actions[22m | 0466.png[39m[0m
[  61% ] [90m[1m_update_scan_actions[22m | 0467.png[39m[0m
[  62% ] [90m[1m_update_scan_actions[22m | 0468.png[39m[0m
[  62% ] [90m[1m_update_scan_actions[22m | 0469.png[39m[0m
[  62% ] [90m[1m_update_scan_actions[22m | 0470.png[39m[0m
[  62% ] [90m[1m_update_scan_actions[22m | 0471.png[39m[0m
[  62% ] [90m[1m_update_scan_actions[22m | 0472.png[39m[0m
[  62% ] [90m[1m_update_scan_actions[22m | 0473.png[39m[0m
[  62% ] [90m[1m_update_scan_actions[22m | 0474.png[39m[0m
[  62% ] [90m[1m_update_scan_actions[22m | 0475.png[39m[0m
[  63% ] [90m[1m_update_scan_actions[22m | 0476.png[39m[0m
[  63% ] [90m[1m_update_scan_actions[22m | 0477.png[39m[0m
[  63% ] [90m[1m_update_scan_actions[22m | 0478.png[39m[0m
[  63% ] [90m[1m_update_scan_actions[22m | 0479.png[39m[0m
[  63% ] [90m[1m_update_scan_actions[22m | 0480.png[39m[0m
[  63% ] [90m[1m_update_scan_actions[22m | 0481.png[39m[0m
[  63% ] [90m[1m_update_scan_actions[22m | 0482.png[39m[0m
[  64% ] [90m[1m_update_scan_actions[22m | 0483.png[39m[0m
[  64% ] [90m[1m_update_scan_actions[22m | 0484.png[39m[0m
[  64% ] [90m[1m_update_scan_actions[22m | 0485.png[39m[0m
[  64% ] [90m[1m_update_scan_actions[22m | 0486.png[39m[0m
[  64% ] [90m[1m_update_scan_actions[22m | 0487.png[39m[0m
[  64% ] [90m[1m_update_scan_actions[22m | 0488.png[39m[0m
[  64% ] [90m[1m_update_scan_actions[22m | 0489.png[39m[0m
[  64% ] [90m[1m_update_scan_actions[22m | 0490.png[39m[0m
[  65% ] [90m[1m_update_scan_actions[22m | 0491.png[39m[0m
[  65% ] [90m[1m_update_scan_actions[22m | 0492.png[39m[0m
[  65% ] [90m[1m_update_scan_actions[22m | 0493.png[39m[0m
[  65% ] [90m[1m_update_scan_actions[22m | 0494.png[39m[0m
[  65% ] [90m[1m_update_scan_actions[22m | 0495.png[39m[0m
[  65% ] [90m[1m_update_scan_actions[22m | 0496.png[39m[0m
[  65% ] [90m[1m_update_scan_actions[22m | 0497.png[39m[0m
[  66% ] [90m[1m_update_scan_actions[22m | 0498.png[39m[0m
[  66% ] [90m[1m_update_scan_actions[22m | 0499.png[39m[0m
[  66% ] [90m[1m_update_scan_actions[22m | 0500.png[39m[0m
[  66% ] [90m[1m_update_scan_actions[22m | 0501.png[39m[0m
[  66% ] [90m[1m_update_scan_actions[22m | 0502.png[39m[0m
[  66% ] [90m[1m_update_scan_actions[22m | 0503.png[39m[0m
[  66% ] [90m[1m_update_scan_actions[22m | 0504.png[39m[0m
[  66% ] [90m[1m_update_scan_actions[22m | 0505.png[39m[0m
[  67% ] [90m[1m_update_scan_actions[22m | 0506.png[39m[0m
[  67% ] [90m[1m_update_scan_actions[22m | 0507.png[39m[0m
[  67% ] [90m[1m_update_scan_actions[22m | 0508.png[39m[0m
[  67% ] [90m[1m_update_scan_actions[22m | 0509.png[39m[0m
[  67% ] [90m[1m_update_scan_actions[22m | 0510.png[39m[0m
[  67% ] [90m[1m_update_scan_actions[22m | 0511.png[39m[0m
[  67% ] [90m[1m_update_scan_actions[22m | 0512.png[39m[0m
[  68% ] [90m[1m_update_scan_actions[22m | 0513.png[39m[0m
[  68% ] [90m[1m_update_scan_actions[22m | 0514.png[39m[0m
[  68% ] [90m[1m_update_scan_actions[22m | 0515.png[39m[0m
[  68% ] [90m[1m_update_scan_actions[22m | 0516.png[39m[0m
[  68% ] [90m[1m_update_scan_actions[22m | 0517.png[39m[0m
[  68% ] [90m[1m_update_scan_actions[22m | 0518.png[39m[0m
[  68% ] [90m[1m_update_scan_actions[22m | 0519.png[39m[0m
[  68% ] [90m[1m_update_scan_actions[22m | 0520.png[39m[0m
[  69% ] [90m[1m_update_scan_actions[22m | 0521.png[39m[0m
[  69% ] [90m[1m_update_scan_actions[22m | 0522.png[39m[0m
[  69% ] [90m[1m_update_scan_actions[22m | 0523.png[39m[0m
[  69% ] [90m[1m_update_scan_actions[22m | 0524.png[39m[0m
[  69% ] [90m[1m_update_scan_actions[22m | 0525.png[39m[0m
[  69% ] [90m[1m_update_scan_actions[22m | 0526.png[39m[0m
[  69% ] [90m[1m_update_scan_actions[22m | 0527.png[39m[0m
[  70% ] [90m[1m_update_scan_actions[22m | 0528.png[39m[0m
[  70% ] [90m[1m_update_scan_actions[22m | 0529.png[39m[0m
[  70% ] [90m[1m_update_scan_actions[22m | 0530.png[39m[0m
[  70% ] [90m[1m_update_scan_actions[22m | 0531.png[39m[0m
[  70% ] [90m[1m_update_scan_actions[22m | 0532.png[39m[0m
[  70% ] [90m[1m_update_scan_actions[22m | 0533.png[39m[0m
[  70% ] [90m[1m_update_scan_actions[22m | 0534.png[39m[0m
[  70% ] [90m[1m_update_scan_actions[22m | 0535.png[39m[0m
[  71% ] [90m[1m_update_scan_actions[22m | 0536.png[39m[0m
[  71% ] [90m[1m_update_scan_actions[22m | 0537.png[39m[0m
[  71% ] [90m[1m_update_scan_actions[22m | 0538.png[39m[0m
[  71% ] [90m[1m_update_scan_actions[22m | 0539.png[39m[0m
[  71% ] [90m[1m_update_scan_actions[22m | 0540.png[39m[0m
[  71% ] [90m[1m_update_scan_actions[22m | 0541.png[39m[0m
[  71% ] [90m[1m_update_scan_actions[22m | 0542.png[39m[0m
[  72% ] [90m[1m_update_scan_actions[22m | 0543.png[39m[0m
[  72% ] [90m[1m_update_scan_actions[22m | 0544.png[39m[0m
[  72% ] [90m[1m_update_scan_actions[22m | 0545.png[39m[0m
[  72% ] [90m[1m_update_scan_actions[22m | 0546.png[39m[0m
[  72% ] [90m[1m_update_scan_actions[22m | 0547.png[39m[0m
[  72% ] [90m[1m_update_scan_actions[22m | 0548.png[39m[0m
[  72% ] [90m[1m_update_scan_actions[22m | 0549.png[39m[0m
[  72% ] [90m[1m_update_scan_actions[22m | 0550.png[39m[0m
[  73% ] [90m[1m_update_scan_actions[22m | 0551.png[39m[0m
[  73% ] [90m[1m_update_scan_actions[22m | 0552.png[39m[0m
[  73% ] [90m[1m_update_scan_actions[22m | 0553.png[39m[0m
[  73% ] [90m[1m_update_scan_actions[22m | 0554.png[39m[0m
[  73% ] [90m[1m_update_scan_actions[22m | 0555.png[39m[0m
[  73% ] [90m[1m_update_scan_actions[22m | 0556.png[39m[0m
[  73% ] [90m[1m_update_scan_actions[22m | 0557.png[39m[0m
[  74% ] [90m[1m_update_scan_actions[22m | 0558.png[39m[0m
[  74% ] [90m[1m_update_scan_actions[22m | 0559.png[39m[0m
[  74% ] [90m[1m_update_scan_actions[22m | 0560.png[39m[0m
[  74% ] [90m[1m_update_scan_actions[22m | 0561.png[39m[0m
[  74% ] [90m[1m_update_scan_actions[22m | 0562.png[39m[0m
[  74% ] [90m[1m_update_scan_actions[22m | 0563.png[39m[0m
[  74% ] [90m[1m_update_scan_actions[22m | 0564.png[39m[0m
[  74% ] [90m[1m_update_scan_actions[22m | 0565.png[39m[0m
[  75% ] [90m[1m_update_scan_actions[22m | 0566.png[39m[0m
[  75% ] [90m[1m_update_scan_actions[22m | 0567.png[39m[0m
[  75% ] [90m[1m_update_scan_actions[22m | 0568.png[39m[0m
[  75% ] [90m[1m_update_scan_actions[22m | 0569.png[39m[0m
[  75% ] [90m[1m_update_scan_actions[22m | 0570.png[39m[0m
[  75% ] [90m[1m_update_scan_actions[22m | 0571.png[39m[0m
[  75% ] [90m[1m_update_scan_actions[22m | 0572.png[39m[0m
[  75% ] [90m[1m_update_scan_actions[22m | 0573.png[39m[0m
[  76% ] [90m[1m_update_scan_actions[22m | 0574.png[39m[0m
[  76% ] [90m[1m_update_scan_actions[22m | 0575.png[39m[0m
[  76% ] [90m[1m_update_scan_actions[22m | 0576.png[39m[0m
[  76% ] [90m[1m_update_scan_actions[22m | 0577.png[39m[0m
[  76% ] [90m[1m_update_scan_actions[22m | 0578.png[39m[0m
[  76% ] [90m[1m_update_scan_actions[22m | 0579.png[39m[0m
[  76% ] [90m[1m_update_scan_actions[22m | 0580.png[39m[0m
[  77% ] [90m[1m_update_scan_actions[22m | 0581.png[39m[0m
[  77% ] [90m[1m_update_scan_actions[22m | 0582.png[39m[0m
[  77% ] [90m[1m_update_scan_actions[22m | 0583.png[39m[0m
[  77% ] [90m[1m_update_scan_actions[22m | 0584.png[39m[0m
[  77% ] [90m[1m_update_scan_actions[22m | 0585.png[39m[0m
[  77% ] [90m[1m_update_scan_actions[22m | 0586.png[39m[0m
[  77% ] [90m[1m_update_scan_actions[22m | 0587.png[39m[0m
[  77% ] [90m[1m_update_scan_actions[22m | 0588.png[39m[0m
[  78% ] [90m[1m_update_scan_actions[22m | 0589.png[39m[0m
[  78% ] [90m[1m_update_scan_actions[22m | 0590.png[39m[0m
[  78% ] [90m[1m_update_scan_actions[22m | 0591.png[39m[0m
[  78% ] [90m[1m_update_scan_actions[22m | 0592.png[39m[0m
[  78% ] [90m[1m_update_scan_actions[22m | 0593.png[39m[0m
[  78% ] [90m[1m_update_scan_actions[22m | 0594.png[39m[0m
[  78% ] [90m[1m_update_scan_actions[22m | 0595.png[39m[0m
[  79% ] [90m[1m_update_scan_actions[22m | 0596.png[39m[0m
[  79% ] [90m[1m_update_scan_actions[22m | 0597.png[39m[0m
[  79% ] [90m[1m_update_scan_actions[22m | 0598.png[39m[0m
[  79% ] [90m[1m_update_scan_actions[22m | 0599.png[39m[0m
[  79% ] [90m[1m_update_scan_actions[22m | 0600.png[39m[0m
[  79% ] [90m[1m_update_scan_actions[22m | 0601.png[39m[0m
[  79% ] [90m[1m_update_scan_actions[22m | 0602.png[39m[0m
[  79% ] [90m[1m_update_scan_actions[22m | 0603.png[39m[0m
[  80% ] [90m[1m_update_scan_actions[22m | 0604.png[39m[0m
[  80% ] [90m[1m_update_scan_actions[22m | 0605.png[39m[0m
[  80% ] [90m[1m_update_scan_actions[22m | 0606.png[39m[0m
[  80% ] [90m[1m_update_scan_actions[22m | 0607.png[39m[0m
[  80% ] [90m[1m_update_scan_actions[22m | 0608.png[39m[0m
[  80% ] [90m[1m_update_scan_actions[22m | 0609.png[39m[0m
[  80% ] [90m[1m_update_scan_actions[22m | 0610.png[39m[0m
[  81% ] [90m[1m_update_scan_actions[22m | 0611.png[39m[0m
[  81% ] [90m[1m_update_scan_actions[22m | 0612.png[39m[0m
[  81% ] [90m[1m_update_scan_actions[22m | 0613.png[39m[0m
[  81% ] [90m[1m_update_scan_actions[22m | 0614.png[39m[0m
[  81% ] [90m[1m_update_scan_actions[22m | 0615.png[39m[0m
[  81% ] [90m[1m_update_scan_actions[22m | 0616.png[39m[0m
[  81% ] [90m[1m_update_scan_actions[22m | 0617.png[39m[0m
[  81% ] [90m[1m_update_scan_actions[22m | 0618.png[39m[0m
[  82% ] [90m[1m_update_scan_actions[22m | 0619.png[39m[0m
[  82% ] [90m[1m_update_scan_actions[22m | 0620.png[39m[0m
[  82% ] [90m[1m_update_scan_actions[22m | 0621.png[39m[0m
[  82% ] [90m[1m_update_scan_actions[22m | 0622.png[39m[0m
[  82% ] [90m[1m_update_scan_actions[22m | 0623.png[39m[0m
[  82% ] [90m[1m_update_scan_actions[22m | 0624.png[39m[0m
[  82% ] [90m[1m_update_scan_actions[22m | 0625.png[39m[0m
[  83% ] [90m[1m_update_scan_actions[22m | 0626.png[39m[0m
[  83% ] [90m[1m_update_scan_actions[22m | 0627.png[39m[0m
[  83% ] [90m[1m_update_scan_actions[22m | 0628.png[39m[0m
[  83% ] [90m[1m_update_scan_actions[22m | 0629.png[39m[0m
[  83% ] [90m[1m_update_scan_actions[22m | 0630.png[39m[0m
[  83% ] [90m[1m_update_scan_actions[22m | 0631.png[39m[0m
[  83% ] [90m[1m_update_scan_actions[22m | 0632.png[39m[0m
[  83% ] [90m[1m_update_scan_actions[22m | 0633.png[39m[0m
[  84% ] [90m[1m_update_scan_actions[22m | 0634.png[39m[0m
[  84% ] [90m[1m_update_scan_actions[22m | 0635.png[39m[0m
[  84% ] [90m[1m_update_scan_actions[22m | 0636.png[39m[0m
[  84% ] [90m[1m_update_scan_actions[22m | 0637.png[39m[0m
[  84% ] [90m[1m_update_scan_actions[22m | 0638.png[39m[0m
[  84% ] [90m[1m_update_scan_actions[22m | 0639.png[39m[0m
[  84% ] [90m[1m_update_scan_actions[22m | 0640.png[39m[0m
[  85% ] [90m[1m_update_scan_actions[22m | 0641.png[39m[0m
[  85% ] [90m[1m_update_scan_actions[22m | 0642.png[39m[0m
[  85% ] [90m[1m_update_scan_actions[22m | 0643.png[39m[0m
[  85% ] [90m[1m_update_scan_actions[22m | 0644.png[39m[0m
[  85% ] [90m[1m_update_scan_actions[22m | 0645.png[39m[0m
[  85% ] [90m[1m_update_scan_actions[22m | 0646.png[39m[0m
[  85% ] [90m[1m_update_scan_actions[22m | 0647.png[39m[0m
[  85% ] [90m[1m_update_scan_actions[22m | 0648.png[39m[0m
[  86% ] [90m[1m_update_scan_actions[22m | 0649.png[39m[0m
[  86% ] [90m[1m_update_scan_actions[22m | 0650.png[39m[0m
[  86% ] [90m[1m_update_scan_actions[22m | 0651.png[39m[0m
[  86% ] [90m[1m_update_scan_actions[22m | 0652.png[39m[0m
[  86% ] [90m[1m_update_scan_actions[22m | 0653.png[39m[0m
[  86% ] [90m[1m_update_scan_actions[22m | 0654.png[39m[0m
[  86% ] [90m[1m_update_scan_actions[22m | 0655.png[39m[0m
[  87% ] [90m[1m_update_scan_actions[22m | 0656.png[39m[0m
[  87% ] [90m[1m_update_scan_actions[22m | 0657.png[39m[0m
[  87% ] [90m[1m_update_scan_actions[22m | 0658.png[39m[0m
[  87% ] [90m[1m_update_scan_actions[22m | 0659.png[39m[0m
[  87% ] [90m[1m_update_scan_actions[22m | 0660.png[39m[0m
[  87% ] [90m[1m_update_scan_actions[22m | 0661.png[39m[0m
[  87% ] [90m[1m_update_scan_actions[22m | 0662.png[39m[0m
[  87% ] [90m[1m_update_scan_actions[22m | 0663.png[39m[0m
[  88% ] [90m[1m_update_scan_actions[22m | 0664.png[39m[0m
[  88% ] [90m[1m_update_scan_actions[22m | 0665.png[39m[0m
[  88% ] [90m[1m_update_scan_actions[22m | 0666.png[39m[0m
[  88% ] [90m[1m_update_scan_actions[22m | 0667.png[39m[0m
[  88% ] [90m[1m_update_scan_actions[22m | 0668.png[39m[0m
[  88% ] [90m[1m_update_scan_actions[22m | 0669.png[39m[0m
[  88% ] [90m[1m_update_scan_actions[22m | 0670.png[39m[0m
[  88% ] [90m[1m_update_scan_actions[22m | 0671.png[39m[0m
[  89% ] [90m[1m_update_scan_actions[22m | 0672.png[39m[0m
[  89% ] [90m[1m_update_scan_actions[22m | 0673.png[39m[0m
[  89% ] [90m[1m_update_scan_actions[22m | 0674.png[39m[0m
[  89% ] [90m[1m_update_scan_actions[22m | 0675.png[39m[0m
[  89% ] [90m[1m_update_scan_actions[22m | 0676.png[39m[0m
[  89% ] [90m[1m_update_scan_actions[22m | 0677.png[39m[0m
[  89% ] [90m[1m_update_scan_actions[22m | 0678.png[39m[0m
[  90% ] [90m[1m_update_scan_actions[22m | 0679.png[39m[0m
[  90% ] [90m[1m_update_scan_actions[22m | 0680.png[39m[0m
[  90% ] [90m[1m_update_scan_actions[22m | 0681.png[39m[0m
[  90% ] [90m[1m_update_scan_actions[22m | 0682.png[39m[0m
[  90% ] [90m[1m_update_scan_actions[22m | 0683.png[39m[0m
[  90% ] [90m[1m_update_scan_actions[22m | 0684.png[39m[0m
[  90% ] [90m[1m_update_scan_actions[22m | 0685.png[39m[0m
[  90% ] [90m[1m_update_scan_actions[22m | 0686.png[39m[0m
[  91% ] [90m[1m_update_scan_actions[22m | 0687.png[39m[0m
[  91% ] [90m[1m_update_scan_actions[22m | 0688.png[39m[0m
[  91% ] [90m[1m_update_scan_actions[22m | 0689.png[39m[0m
[  91% ] [90m[1m_update_scan_actions[22m | 0690.png[39m[0m
[  91% ] [90m[1m_update_scan_actions[22m | 0691.png[39m[0m
[  91% ] [90m[1m_update_scan_actions[22m | 0692.png[39m[0m
[  91% ] [90m[1m_update_scan_actions[22m | 0693.png[39m[0m
[  92% ] [90m[1m_update_scan_actions[22m | 0694.png[39m[0m
[  92% ] [90m[1m_update_scan_actions[22m | 0695.png[39m[0m
[  92% ] [90m[1m_update_scan_actions[22m | 0696.png[39m[0m
[  92% ] [90m[1m_update_scan_actions[22m | 0697.png[39m[0m
[  92% ] [90m[1m_update_scan_actions[22m | 0698.png[39m[0m
[  92% ] [90m[1m_update_scan_actions[22m | 0699.png[39m[0m
[  92% ] [90m[1m_update_scan_actions[22m | 0700.png[39m[0m
[  92% ] [90m[1m_update_scan_actions[22m | 0701.png[39m[0m
[  93% ] [90m[1m_update_scan_actions[22m | 0702.png[39m[0m
[  93% ] [90m[1m_update_scan_actions[22m | 0703.png[39m[0m
[  93% ] [90m[1m_update_scan_actions[22m | 0704.png[39m[0m
[  93% ] [90m[1m_update_scan_actions[22m | 0705.png[39m[0m
[  93% ] [90m[1m_update_scan_actions[22m | 0706.png[39m[0m
[  93% ] [90m[1m_update_scan_actions[22m | 0707.png[39m[0m
[  93% ] [90m[1m_update_scan_actions[22m | 0708.png[39m[0m
[  94% ] [90m[1m_update_scan_actions[22m | 0709.png[39m[0m
[  94% ] [90m[1m_update_scan_actions[22m | 0710.png[39m[0m
[  94% ] [90m[1m_update_scan_actions[22m | 0711.png[39m[0m
[  94% ] [90m[1m_update_scan_actions[22m | 0712.png[39m[0m
[  94% ] [90m[1m_update_scan_actions[22m | 0713.png[39m[0m
[  94% ] [90m[1m_update_scan_actions[22m | 0714.png[39m[0m
[  94% ] [90m[1m_update_scan_actions[22m | 0715.png[39m[0m
[  94% ] [90m[1m_update_scan_actions[22m | 0716.png[39m[0m
[  95% ] [90m[1m_update_scan_actions[22m | 0717.png[39m[0m
[  95% ] [90m[1m_update_scan_actions[22m | 0718.png[39m[0m
[  95% ] [90m[1m_update_scan_actions[22m | 0719.png[39m[0m
[  95% ] [90m[1m_update_scan_actions[22m | 0720.png[39m[0m
[  95% ] [90m[1m_update_scan_actions[22m | 0721.png[39m[0m
[  95% ] [90m[1m_update_scan_actions[22m | 0722.png[39m[0m
[  95% ] [90m[1m_update_scan_actions[22m | 0723.png[39m[0m
[  96% ] [90m[1m_update_scan_actions[22m | 0724.png[39m[0m
[  96% ] [90m[1m_update_scan_actions[22m | 0725.png[39m[0m
[  96% ] [90m[1m_update_scan_actions[22m | 0726.png[39m[0m
[  96% ] [90m[1m_update_scan_actions[22m | 0727.png[39m[0m
[  96% ] [90m[1m_update_scan_actions[22m | 0728.png[39m[0m
[  96% ] [90m[1m_update_scan_actions[22m | 0729.png[39m[0m
[  96% ] [90m[1m_update_scan_actions[22m | 0730.png[39m[0m
[  96% ] [90m[1m_update_scan_actions[22m | 0731.png[39m[0m
[  97% ] [90m[1m_update_scan_actions[22m | 0732.png[39m[0m
[  97% ] [90m[1m_update_scan_actions[22m | 0733.png[39m[0m
[  97% ] [90m[1m_update_scan_actions[22m | 0734.png[39m[0m
[  97% ] [90m[1m_update_scan_actions[22m | 0735.png[39m[0m
[  97% ] [90m[1m_update_scan_actions[22m | 0736.png[39m[0m
[  97% ] [90m[1m_update_scan_actions[22m | 0737.png[39m[0m
[  97% ] [90m[1m_update_scan_actions[22m | 0738.png[39m[0m
[  98% ] [90m[1m_update_scan_actions[22m | 0739.png[39m[0m
[  98% ] [90m[1m_update_scan_actions[22m | 0740.png[39m[0m
[  98% ] [90m[1m_update_scan_actions[22m | 0741.png[39m[0m
[  98% ] [90m[1m_update_scan_actions[22m | 0742.png[39m[0m
[  98% ] [90m[1m_update_scan_actions[22m | 0743.png[39m[0m
[  98% ] [90m[1m_update_scan_actions[22m | 0744.png[39m[0m
[  98% ] [90m[1m_update_scan_actions[22m | 0745.png[39m[0m
[  98% ] [90m[1m_update_scan_actions[22m | 0746.png[39m[0m
[  99% ] [90m[1m_update_scan_actions[22m | 0747.png[39m[0m
[  99% ] [90m[1m_update_scan_actions[22m | 0748.png[39m[0m
[  99% ] [90m[1m_update_scan_actions[22m | 0749.png[39m[0m
[  99% ] [90m[1m_update_scan_actions[22m | 0750.png[39m[0m
[  99% ] [90m[1m_update_scan_actions[22m | alpha-contact-sheet.jpg[39m[0m
[  99% ] [90m[1m_update_scan_actions[22m | review-v3-vs-retail-v4.png[39m[0m
[92m[ DONE ][39m [1m_update_scan_actions[22m
[0m
[   0% ] [90m[1mreimport[22m | Started (Re)Importing Assets (753 steps)[39m[0m
[   0% ] [90m[1mreimport[22m | Preparing files to reimport...[39m[0m
[   0% ] [90m[1mreimport[22m | Preparing files to reimport...[39m[0m
[   0% ] [90m[1mreimport[22m | Preparing files to reimport...[39m[0m
[   0% ] [90m[1mreimport[22m | Preparing files to reimport...[39m[0m
[   0% ] [90m[1mreimport[22m | Preparing files to reimport...[39m[0m
[   0% ] [90m[1mreimport[22m | Preparing files to reimport...[39m[0m
[   0% ] [90m[1mreimport[22m | Preparing files to reimport...[39m[0m
[   0% ] [90m[1mreimport[22m | Preparing files to reimport...[39m[0m
[   1% ] [90m[1mreimport[22m | Preparing files to reimport...[39m[0m
[   1% ] [90m[1mreimport[22m | Preparing files to reimport...[39m[0m
[   1% ] [90m[1mreimport[22m | Preparing files to reimport...[39m[0m
[   1% ] [90m[1mreimport[22m | Preparing files to reimport...[39m[0m
[   1% ] [90m[1mreimport[22m | Preparing files to reimport...[39m[0m
[   1% ] [90m[1mreimport[22m | Preparing files to reimport...[39m[0m
[   1% ] [90m[1mreimport[22m | Preparing files to reimport...[39m[0m
[   1% ] [90m[1mreimport[22m | Preparing files to reimport...[39m[0m
[   2% ] [90m[1mreimport[22m | Preparing files to reimport...[39m[0m
[   2% ] [90m[1mreimport[22m | Preparing files to reimport...[39m[0m
[   2% ] [90m[1mreimport[22m | Preparing files to reimport...[39m[0m
[   2% ] [90m[1mreimport[22m | Preparing files to reimport...[39m[0m
[   2% ] [90m[1mreimport[22m | Preparing files to reimport...[39m[0m
[   2% ] [90m[1mreimport[22m | Preparing files to reimport...[39m[0m
[   2% ] [90m[1mreimport[22m | Preparing files to reimport...[39m[0m
[   3% ] [90m[1mreimport[22m | Preparing files to reimport...[39m[0m
[   3% ] [90m[1mreimport[22m | Preparing files to reimport...[39m[0m
[   3% ] [90m[1mreimport[22m | Preparing files to reimport...[39m[0m
[   3% ] [90m[1mreimport[22m | Preparing files to reimport...[39m[0m
[   3% ] [90m[1mreimport[22m | Preparing files to reimport...[39m[0m
[   3% ] [90m[1mreimport[22m | Preparing files to reimport...[39m[0m
[   3% ] [90m[1mreimport[22m | Preparing files to reimport...[39m[0m
[   3% ] [90m[1mreimport[22m | Preparing files to reimport...[39m[0m
[   4% ] [90m[1mreimport[22m | Preparing files to reimport...[39m[0m
[   4% ] [90m[1mreimport[22m | Preparing files to reimport...[39m[0m
[   4% ] [90m[1mreimport[22m | Preparing files to reimport...[39m[0m
[   4% ] [90m[1mreimport[22m | Preparing files to reimport...[39m[0m
[   4% ] [90m[1mreimport[22m | Preparing files to reimport...[39m[0m
[   4% ] [90m[1mreimport[22m | Preparing files to reimport...[39m[0m
[   4% ] [90m[1mreimport[22m | Preparing files to reimport...[39m[0m
[   5% ] [90m[1mreimport[22m | Preparing files to reimport...[39m[0m
[   5% ] [90m[1mreimport[22m | Preparing files to reimport...[39m[0m
[   5% ] [90m[1mreimport[22m | Preparing files to reimport...[39m[0m
[   5% ] [90m[1mreimport[22m | Preparing files to reimport...[39m[0m
[   5% ] [90m[1mreimport[22m | Preparing files to reimport...[39m[0m
[   5% ] [90m[1mreimport[22m | Preparing files to reimport...[39m[0m
[   5% ] [90m[1mreimport[22m | Preparing files to reimport...[39m[0m
[   5% ] [90m[1mreimport[22m | Preparing files to reimport...[39m[0m
[   6% ] [90m[1mreimport[22m | Preparing files to reimport...[39m[0m
[   6% ] [90m[1mreimport[22m | Preparing files to reimport...[39m[0m
[   6% ] [90m[1mreimport[22m | Preparing files to reimport...[39m[0m
[   6% ] [90m[1mreimport[22m | Preparing files to reimport...[39m[0m
[   6% ] [90m[1mreimport[22m | Preparing files to reimport...[39m[0m
[   6% ] [90m[1mreimport[22m | Preparing files to reimport...[39m[0m
[   6% ] [90m[1mreimport[22m | Preparing files to reimport...[39m[0m
[   7% ] [90m[1mreimport[22m | Preparing files to reimport...[39m[0m
[   7% ] [90m[1mreimport[22m | Preparing files to reimport...[39m[0m
[   7% ] [90m[1mreimport[22m | Preparing files to reimport...[39m[0m
[   7% ] [90m[1mreimport[22m | Preparing files to reimport...[39m[0m
[   7% ] [90m[1mreimport[22m | Preparing files to reimport...[39m[0m
[   7% ] [90m[1mreimport[22m | Preparing files to reimport...[39m[0m
[   7% ] [90m[1mreimport[22m | Preparing files to reimport...[39m[0m
[   7% ] [90m[1mreimport[22m | Preparing files to reimport...[39m[0m
[   8% ] [90m[1mreimport[22m | Preparing files to reimport...[39m[0m
[   8% ] [90m[1mreimport[22m | Preparing files to reimport...[39m[0m
[   8% ] [90m[1mreimport[22m | Preparing files to reimport...[39m[0m
[   8% ] [90m[1mreimport[22m | Preparing files to reimport...[39m[0m
[   8% ] [90m[1mreimport[22m | Preparing files to reimport...[39m[0m
[   8% ] [90m[1mreimport[22m | Preparing files to reimport...[39m[0m
[   8% ] [90m[1mreimport[22m | Preparing files to reimport...[39m[0m
[   9% ] [90m[1mreimport[22m | Preparing files to reimport...[39m[0m
[   9% ] [90m[1mreimport[22m | Preparing files to reimport...[39m[0m
[   9% ] [90m[1mreimport[22m | Preparing files to reimport...[39m[0m
[   9% ] [90m[1mreimport[22m | Preparing files to reimport...[39m[0m
[   9% ] [90m[1mreimport[22m | Preparing files to reimport...[39m[0m
[   9% ] [90m[1mreimport[22m | Preparing files to reimport...[39m[0m
[   9% ] [90m[1mreimport[22m | Preparing files to reimport...[39m[0m
[   9% ] [90m[1mreimport[22m | Preparing files to reimport...[39m[0m
[  10% ] [90m[1mreimport[22m | Preparing files to reimport...[39m[0m
[  10% ] [90m[1mreimport[22m | Preparing files to reimport...[39m[0m
[  10% ] [90m[1mreimport[22m | Preparing files to reimport...[39m[0m
[  10% ] [90m[1mreimport[22m | Preparing files to reimport...[39m[0m
[  10% ] [90m[1mreimport[22m | Preparing files to reimport...[39m[0m
[  10% ] [90m[1mreimport[22m | Preparing files to reimport...[39m[0m
[  10% ] [90m[1mreimport[22m | Preparing files to reimport...[39m[0m
[  11% ] [90m[1mreimport[22m | Preparing files to reimport...[39m[0m
[  11% ] [90m[1mreimport[22m | Preparing files to reimport...[39m[0m
[  11% ] [90m[1mreimport[22m | Preparing files to reimport...[39m[0m
[  11% ] [90m[1mreimport[22m | Preparing files to reimport...[39m[0m
[  11% ] [90m[1mreimport[22m | Preparing files to reimport...[39m[0m
[  11% ] [90m[1mreimport[22m | Preparing files to reimport...[39m[0m
[  11% ] [90m[1mreimport[22m | Preparing files to reimport...[39m[0m
[  11% ] [90m[1mreimport[22m | Preparing files to reimport...[39m[0m
[  12% ] [90m[1mreimport[22m | Preparing files to reimport...[39m[0m
[  12% ] [90m[1mreimport[22m | Preparing files to reimport...[39m[0m
[  12% ] [90m[1mreimport[22m | Preparing files to reimport...[39m[0m
[  12% ] [90m[1mreimport[22m | Preparing files to reimport...[39m[0m
[  12% ] [90m[1mreimport[22m | Preparing files to reimport...[39m[0m
[  12% ] [90m[1mreimport[22m | Preparing files to reimport...[39m[0m
[  12% ] [90m[1mreimport[22m | Preparing files to reimport...[39m[0m
[  12% ] [90m[1mreimport[22m | Preparing files to reimport...[39m[0m
[  13% ] [90m[1mreimport[22m | Preparing files to reimport...[39m[0m
[  13% ] [90m[1mreimport[22m | Preparing files to reimport...[39m[0m
[  13% ] [90m[1mreimport[22m | Preparing files to reimport...[39m[0m
[  13% ] [90m[1mreimport[22m | Preparing files to reimport...[39m[0m
[  13% ] [90m[1mreimport[22m | Preparing files to reimport...[39m[0m
[  13% ] [90m[1mreimport[22m | Preparing files to reimport...[39m[0m
[  13% ] [90m[1mreimport[22m | Preparing files to reimport...[39m[0m
[  14% ] [90m[1mreimport[22m | Preparing files to reimport...[39m[0m
[  14% ] [90m[1mreimport[22m | Preparing files to reimport...[39m[0m
[  14% ] [90m[1mreimport[22m | Preparing files to reimport...[39m[0m
[  14% ] [90m[1mreimport[22m | Preparing files to reimport...[39m[0m
[  14% ] [90m[1mreimport[22m | Preparing files to reimport...[39m[0m
[  14% ] [90m[1mreimport[22m | Preparing files to reimport...[39m[0m
[  14% ] [90m[1mreimport[22m | Preparing files to reimport...[39m[0m
[  14% ] [90m[1mreimport[22m | Preparing files to reimport...[39m[0m
[  15% ] [90m[1mreimport[22m | Preparing files to reimport...[39m[0m
[  15% ] [90m[1mreimport[22m | Preparing files to reimport...[39m[0m
[  15% ] [90m[1mreimport[22m | Preparing files to reimport...[39m[0m
[  15% ] [90m[1mreimport[22m | Preparing files to reimport...[39m[0m
[  15% ] [90m[1mreimport[22m | Preparing files to reimport...[39m[0m
[  15% ] [90m[1mreimport[22m | Preparing files to reimport...[39m[0m
[  15% ] [90m[1mreimport[22m | Preparing files to reimport...[39m[0m
[  16% ] [90m[1mreimport[22m | Preparing files to reimport...[39m[0m
[  16% ] [90m[1mreimport[22m | Preparing files to reimport...[39m[0m
[  16% ] [90m[1mreimport[22m | Preparing files to reimport...[39m[0m
[  16% ] [90m[1mreimport[22m | Preparing files to reimport...[39m[0m
[  16% ] [90m[1mreimport[22m | Preparing files to reimport...[39m[0m
[  16% ] [90m[1mreimport[22m | Preparing files to reimport...[39m[0m
[  16% ] [90m[1mreimport[22m | Preparing files to reimport...[39m[0m
[  16% ] [90m[1mreimport[22m | Preparing files to reimport...[39m[0m
[  17% ] [90m[1mreimport[22m | Preparing files to reimport...[39m[0m
[  17% ] [90m[1mreimport[22m | Preparing files to reimport...[39m[0m
[  17% ] [90m[1mreimport[22m | Preparing files to reimport...[39m[0m
[  17% ] [90m[1mreimport[22m | Preparing files to reimport...[39m[0m
[  17% ] [90m[1mreimport[22m | Preparing files to reimport...[39m[0m
[  17% ] [90m[1mreimport[22m | Preparing files to reimport...[39m[0m
[  17% ] [90m[1mreimport[22m | Preparing files to reimport...[39m[0m
[  18% ] [90m[1mreimport[22m | Preparing files to reimport...[39m[0m
[  18% ] [90m[1mreimport[22m | Preparing files to reimport...[39m[0m
[  18% ] [90m[1mreimport[22m | Preparing files to reimport...[39m[0m
[  18% ] [90m[1mreimport[22m | Preparing files to reimport...[39m[0m
[  18% ] [90m[1mreimport[22m | Preparing files to reimport...[39m[0m
[  18% ] [90m[1mreimport[22m | Preparing files to reimport...[39m[0m
[  18% ] [90m[1mreimport[22m | Preparing files to reimport...[39m[0m
[  18% ] [90m[1mreimport[22m | Preparing files to reimport...[39m[0m
[  19% ] [90m[1mreimport[22m | Preparing files to reimport...[39m[0m
[  19% ] [90m[1mreimport[22m | Preparing files to reimport...[39m[0m
[  19% ] [90m[1mreimport[22m | Preparing files to reimport...[39m[0m
[  19% ] [90m[1mreimport[22m | Preparing files to reimport...[39m[0m
[  19% ] [90m[1mreimport[22m | Preparing files to reimport...[39m[0m
[  19% ] [90m[1mreimport[22m | Preparing files to reimport...[39m[0m
[  19% ] [90m[1mreimport[22m | Preparing files to reimport...[39m[0m
[  20% ] [90m[1mreimport[22m | Preparing files to reimport...[39m[0m
[  20% ] [90m[1mreimport[22m | Preparing files to reimport...[39m[0m
[  20% ] [90m[1mreimport[22m | Preparing files to reimport...[39m[0m
[  20% ] [90m[1mreimport[22m | Preparing files to reimport...[39m[0m
[  20% ] [90m[1mreimport[22m | Preparing files to reimport...[39m[0m
[  20% ] [90m[1mreimport[22m | Preparing files to reimport...[39m[0m
[  20% ] [90m[1mreimport[22m | Preparing files to reimport...[39m[0m
[  20% ] [90m[1mreimport[22m | Preparing files to reimport...[39m[0m
[  21% ] [90m[1mreimport[22m | Preparing files to reimport...[39m[0m
[  21% ] [90m[1mreimport[22m | Preparing files to reimport...[39m[0m
[  21% ] [90m[1mreimport[22m | Preparing files to reimport...[39m[0m
[  21% ] [90m[1mreimport[22m | Preparing files to reimport...[39m[0m
[  21% ] [90m[1mreimport[22m | Preparing files to reimport...[39m[0m
[  21% ] [90m[1mreimport[22m | Preparing files to reimport...[39m[0m
[  21% ] [90m[1mreimport[22m | Preparing files to reimport...[39m[0m
[  22% ] [90m[1mreimport[22m | Preparing files to reimport...[39m[0m
[  22% ] [90m[1mreimport[22m | Preparing files to reimport...[39m[0m
[  22% ] [90m[1mreimport[22m | Preparing files to reimport...[39m[0m
[  22% ] [90m[1mreimport[22m | Preparing files to reimport...[39m[0m
[  22% ] [90m[1mreimport[22m | Preparing files to reimport...[39m[0m
[  22% ] [90m[1mreimport[22m | Preparing files to reimport...[39m[0m
[  22% ] [90m[1mreimport[22m | Preparing files to reimport...[39m[0m
[  22% ] [90m[1mreimport[22m | Preparing files to reimport...[39m[0m
[  23% ] [90m[1mreimport[22m | Preparing files to reimport...[39m[0m
[  23% ] [90m[1mreimport[22m | Preparing files to reimport...[39m[0m
[  23% ] [90m[1mreimport[22m | Preparing files to reimport...[39m[0m
[  23% ] [90m[1mreimport[22m | Preparing files to reimport...[39m[0m
[  23% ] [90m[1mreimport[22m | Preparing files to reimport...[39m[0m
[  23% ] [90m[1mreimport[22m | Preparing files to reimport...[39m[0m
[  23% ] [90m[1mreimport[22m | Preparing files to reimport...[39m[0m
[  24% ] [90m[1mreimport[22m | Preparing files to reimport...[39m[0m
[  24% ] [90m[1mreimport[22m | Preparing files to reimport...[39m[0m
[  24% ] [90m[1mreimport[22m | Preparing files to reimport...[39m[0m
[  24% ] [90m[1mreimport[22m | Preparing files to reimport...[39m[0m
[  24% ] [90m[1mreimport[22m | Preparing files to reimport...[39m[0m
[  24% ] [90m[1mreimport[22m | Preparing files to reimport...[39m[0m
[  24% ] [90m[1mreimport[22m | Preparing files to reimport...[39m[0m
[  24% ] [90m[1mreimport[22m | Preparing files to reimport...[39m[0m
[  25% ] [90m[1mreimport[22m | Preparing files to reimport...[39m[0m
[  25% ] [90m[1mreimport[22m | Preparing files to reimport...[39m[0m
[  25% ] [90m[1mreimport[22m | Preparing files to reimport...[39m[0m
[  25% ] [90m[1mreimport[22m | Preparing files to reimport...[39m[0m
[  25% ] [90m[1mreimport[22m | Preparing files to reimport...[39m[0m
[  25% ] [90m[1mreimport[22m | Preparing files to reimport...[39m[0m
[  25% ] [90m[1mreimport[22m | Preparing files to reimport...[39m[0m
[  25% ] [90m[1mreimport[22m | Preparing files to reimport...[39m[0m
[  26% ] [90m[1mreimport[22m | Preparing files to reimport...[39m[0m
[  26% ] [90m[1mreimport[22m | Preparing files to reimport...[39m[0m
[  26% ] [90m[1mreimport[22m | Preparing files to reimport...[39m[0m
[  26% ] [90m[1mreimport[22m | Preparing files to reimport...[39m[0m
[  26% ] [90m[1mreimport[22m | Preparing files to reimport...[39m[0m
[  26% ] [90m[1mreimport[22m | Preparing files to reimport...[39m[0m
[  26% ] [90m[1mreimport[22m | Preparing files to reimport...[39m[0m
[  27% ] [90m[1mreimport[22m | Preparing files to reimport...[39m[0m
[  27% ] [90m[1mreimport[22m | Preparing files to reimport...[39m[0m
[  27% ] [90m[1mreimport[22m | Preparing files to reimport...[39m[0m
[  27% ] [90m[1mreimport[22m | Preparing files to reimport...[39m[0m
[  27% ] [90m[1mreimport[22m | Preparing files to reimport...[39m[0m
[  27% ] [90m[1mreimport[22m | Preparing files to reimport...[39m[0m
[  27% ] [90m[1mreimport[22m | Preparing files to reimport...[39m[0m
[  27% ] [90m[1mreimport[22m | Preparing files to reimport...[39m[0m
[  28% ] [90m[1mreimport[22m | Preparing files to reimport...[39m[0m
[  28% ] [90m[1mreimport[22m | Preparing files to reimport...[39m[0m
[  28% ] [90m[1mreimport[22m | Preparing files to reimport...[39m[0m
[  28% ] [90m[1mreimport[22m | Preparing files to reimport...[39m[0m
[  28% ] [90m[1mreimport[22m | Preparing files to reimport...[39m[0m
[  28% ] [90m[1mreimport[22m | Preparing files to reimport...[39m[0m
[  28% ] [90m[1mreimport[22m | Preparing files to reimport...[39m[0m
[  29% ] [90m[1mreimport[22m | Preparing files to reimport...[39m[0m
[  29% ] [90m[1mreimport[22m | Preparing files to reimport...[39m[0m
[  29% ] [90m[1mreimport[22m | Preparing files to reimport...[39m[0m
[  29% ] [90m[1mreimport[22m | Preparing files to reimport...[39m[0m
[  29% ] [90m[1mreimport[22m | Preparing files to reimport...[39m[0m
[  29% ] [90m[1mreimport[22m | Preparing files to reimport...[39m[0m
[  29% ] [90m[1mreimport[22m | Preparing files to reimport...[39m[0m
[  29% ] [90m[1mreimport[22m | Preparing files to reimport...[39m[0m
[  30% ] [90m[1mreimport[22m | Preparing files to reimport...[39m[0m
[  30% ] [90m[1mreimport[22m | Preparing files to reimport...[39m[0m
[  30% ] [90m[1mreimport[22m | Preparing files to reimport...[39m[0m
[  30% ] [90m[1mreimport[22m | Preparing files to reimport...[39m[0m
[  30% ] [90m[1mreimport[22m | Preparing files to reimport...[39m[0m
[  30% ] [90m[1mreimport[22m | Preparing files to reimport...[39m[0m
[  30% ] [90m[1mreimport[22m | Preparing files to reimport...[39m[0m
[  31% ] [90m[1mreimport[22m | Preparing files to reimport...[39m[0m
[  31% ] [90m[1mreimport[22m | Preparing files to reimport...[39m[0m
[  31% ] [90m[1mreimport[22m | Preparing files to reimport...[39m[0m
[  31% ] [90m[1mreimport[22m | Preparing files to reimport...[39m[0m
[  31% ] [90m[1mreimport[22m | Preparing files to reimport...[39m[0m
[  31% ] [90m[1mreimport[22m | Preparing files to reimport...[39m[0m
[  31% ] [90m[1mreimport[22m | Preparing files to reimport...[39m[0m
[  31% ] [90m[1mreimport[22m | Preparing files to reimport...[39m[0m
[  32% ] [90m[1mreimport[22m | Preparing files to reimport...[39m[0m
[  32% ] [90m[1mreimport[22m | Preparing files to reimport...[39m[0m
[  32% ] [90m[1mreimport[22m | Preparing files to reimport...[39m[0m
[  32% ] [90m[1mreimport[22m | Preparing files to reimport...[39m[0m
[  32% ] [90m[1mreimport[22m | Preparing files to reimport...[39m[0m
[  32% ] [90m[1mreimport[22m | Preparing files to reimport...[39m[0m
[  32% ] [90m[1mreimport[22m | Preparing files to reimport...[39m[0m
[  33% ] [90m[1mreimport[22m | Preparing files to reimport...[39m[0m
[  33% ] [90m[1mreimport[22m | Preparing files to reimport...[39m[0m
[  33% ] [90m[1mreimport[22m | Preparing files to reimport...[39m[0m
[  33% ] [90m[1mreimport[22m | Preparing files to reimport...[39m[0m
[  33% ] [90m[1mreimport[22m | Preparing files to reimport...[39m[0m
[  33% ] [90m[1mreimport[22m | Preparing files to reimport...[39m[0m
[  33% ] [90m[1mreimport[22m | Preparing files to reimport...[39m[0m
[  33% ] [90m[1mreimport[22m | Preparing files to reimport...[39m[0m
[  34% ] [90m[1mreimport[22m | Preparing files to reimport...[39m[0m
[  34% ] [90m[1mreimport[22m | Preparing files to reimport...[39m[0m
[  34% ] [90m[1mreimport[22m | Preparing files to reimport...[39m[0m
[  34% ] [90m[1mreimport[22m | Preparing files to reimport...[39m[0m
[  34% ] [90m[1mreimport[22m | Preparing files to reimport...[39m[0m
[  34% ] [90m[1mreimport[22m | Preparing files to reimport...[39m[0m
[  34% ] [90m[1mreimport[22m | Preparing files to reimport...[39m[0m
[  35% ] [90m[1mreimport[22m | Preparing files to reimport...[39m[0m
[  35% ] [90m[1mreimport[22m | Preparing files to reimport...[39m[0m
[  35% ] [90m[1mreimport[22m | Preparing files to reimport...[39m[0m
[  35% ] [90m[1mreimport[22m | Preparing files to reimport...[39m[0m
[  35% ] [90m[1mreimport[22m | Preparing files to reimport...[39m[0m
[  35% ] [90m[1mreimport[22m | Preparing files to reimport...[39m[0m
[  35% ] [90m[1mreimport[22m | Preparing files to reimport...[39m[0m
[  35% ] [90m[1mreimport[22m | Preparing files to reimport...[39m[0m
[  36% ] [90m[1mreimport[22m | Preparing files to reimport...[39m[0m
[  36% ] [90m[1mreimport[22m | Preparing files to reimport...[39m[0m
[  36% ] [90m[1mreimport[22m | Preparing files to reimport...[39m[0m
[  36% ] [90m[1mreimport[22m | Preparing files to reimport...[39m[0m
[  36% ] [90m[1mreimport[22m | Preparing files to reimport...[39m[0m
[  36% ] [90m[1mreimport[22m | Preparing files to reimport...[39m[0m
[  36% ] [90m[1mreimport[22m | Preparing files to reimport...[39m[0m
[  37% ] [90m[1mreimport[22m | Preparing files to reimport...[39m[0m
[  37% ] [90m[1mreimport[22m | Preparing files to reimport...[39m[0m
[  37% ] [90m[1mreimport[22m | Preparing files to reimport...[39m[0m
[  37% ] [90m[1mreimport[22m | Preparing files to reimport...[39m[0m
[  37% ] [90m[1mreimport[22m | Preparing files to reimport...[39m[0m
[  37% ] [90m[1mreimport[22m | Preparing files to reimport...[39m[0m
[  37% ] [90m[1mreimport[22m | Preparing files to reimport...[39m[0m
[  37% ] [90m[1mreimport[22m | Preparing files to reimport...[39m[0m
[  38% ] [90m[1mreimport[22m | Preparing files to reimport...[39m[0m
[  38% ] [90m[1mreimport[22m | Preparing files to reimport...[39m[0m
[  38% ] [90m[1mreimport[22m | Preparing files to reimport...[39m[0m
[  38% ] [90m[1mreimport[22m | Preparing files to reimport...[39m[0m
[  38% ] [90m[1mreimport[22m | Preparing files to reimport...[39m[0m
[  38% ] [90m[1mreimport[22m | Preparing files to reimport...[39m[0m
[  38% ] [90m[1mreimport[22m | Preparing files to reimport...[39m[0m
[  38% ] [90m[1mreimport[22m | Preparing files to reimport...[39m[0m
[  39% ] [90m[1mreimport[22m | Preparing files to reimport...[39m[0m
[  39% ] [90m[1mreimport[22m | Preparing files to reimport...[39m[0m
[  39% ] [90m[1mreimport[22m | Preparing files to reimport...[39m[0m
[  39% ] [90m[1mreimport[22m | Preparing files to reimport...[39m[0m
[  39% ] [90m[1mreimport[22m | Preparing files to reimport...[39m[0m
[  39% ] [90m[1mreimport[22m | Preparing files to reimport...[39m[0m
[  39% ] [90m[1mreimport[22m | Preparing files to reimport...[39m[0m
[  40% ] [90m[1mreimport[22m | Preparing files to reimport...[39m[0m
[  40% ] [90m[1mreimport[22m | Preparing files to reimport...[39m[0m
[  40% ] [90m[1mreimport[22m | Preparing files to reimport...[39m[0m
[  40% ] [90m[1mreimport[22m | Preparing files to reimport...[39m[0m
[  40% ] [90m[1mreimport[22m | Preparing files to reimport...[39m[0m
[  40% ] [90m[1mreimport[22m | Preparing files to reimport...[39m[0m
[  40% ] [90m[1mreimport[22m | Preparing files to reimport...[39m[0m
[  40% ] [90m[1mreimport[22m | Preparing files to reimport...[39m[0m
[  41% ] [90m[1mreimport[22m | Preparing files to reimport...[39m[0m
[  41% ] [90m[1mreimport[22m | Preparing files to reimport...[39m[0m
[  41% ] [90m[1mreimport[22m | Preparing files to reimport...[39m[0m
[  41% ] [90m[1mreimport[22m | Preparing files to reimport...[39m[0m
[  41% ] [90m[1mreimport[22m | Preparing files to reimport...[39m[0m
[  41% ] [90m[1mreimport[22m | Preparing files to reimport...[39m[0m
[  41% ] [90m[1mreimport[22m | Preparing files to reimport...[39m[0m
[  42% ] [90m[1mreimport[22m | Preparing files to reimport...[39m[0m
[  42% ] [90m[1mreimport[22m | Preparing files to reimport...[39m[0m
[  42% ] [90m[1mreimport[22m | Preparing files to reimport...[39m[0m
[  42% ] [90m[1mreimport[22m | Preparing files to reimport...[39m[0m
[  42% ] [90m[1mreimport[22m | Preparing files to reimport...[39m[0m
[  42% ] [90m[1mreimport[22m | Preparing files to reimport...[39m[0m
[  42% ] [90m[1mreimport[22m | Preparing files to reimport...[39m[0m
[  42% ] [90m[1mreimport[22m | Preparing files to reimport...[39m[0m
[  43% ] [90m[1mreimport[22m | Preparing files to reimport...[39m[0m
[  43% ] [90m[1mreimport[22m | Preparing files to reimport...[39m[0m
[  43% ] [90m[1mreimport[22m | Preparing files to reimport...[39m[0m
[  43% ] [90m[1mreimport[22m | Preparing files to reimport...[39m[0m
[  43% ] [90m[1mreimport[22m | Preparing files to reimport...[39m[0m
[  43% ] [90m[1mreimport[22m | Preparing files to reimport...[39m[0m
[  43% ] [90m[1mreimport[22m | Preparing files to reimport...[39m[0m
[  44% ] [90m[1mreimport[22m | Preparing files to reimport...[39m[0m
[  44% ] [90m[1mreimport[22m | Preparing files to reimport...[39m[0m
[  44% ] [90m[1mreimport[22m | Preparing files to reimport...[39m[0m
[  44% ] [90m[1mreimport[22m | Preparing files to reimport...[39m[0m
[  44% ] [90m[1mreimport[22m | Preparing files to reimport...[39m[0m
[  44% ] [90m[1mreimport[22m | Preparing files to reimport...[39m[0m
[  44% ] [90m[1mreimport[22m | Preparing files to reimport...[39m[0m
[  44% ] [90m[1mreimport[22m | Preparing files to reimport...[39m[0m
[  45% ] [90m[1mreimport[22m | Preparing files to reimport...[39m[0m
[  45% ] [90m[1mreimport[22m | Preparing files to reimport...[39m[0m
[  45% ] [90m[1mreimport[22m | Preparing files to reimport...[39m[0m
[  45% ] [90m[1mreimport[22m | Preparing files to reimport...[39m[0m
[  45% ] [90m[1mreimport[22m | Preparing files to reimport...[39m[0m
[  45% ] [90m[1mreimport[22m | Preparing files to reimport...[39m[0m
[  45% ] [90m[1mreimport[22m | Preparing files to reimport...[39m[0m
[  46% ] [90m[1mreimport[22m | Preparing files to reimport...[39m[0m
[  46% ] [90m[1mreimport[22m | Preparing files to reimport...[39m[0m
[  46% ] [90m[1mreimport[22m | Preparing files to reimport...[39m[0m
[  46% ] [90m[1mreimport[22m | Preparing files to reimport...[39m[0m
[  46% ] [90m[1mreimport[22m | Preparing files to reimport...[39m[0m
[  46% ] [90m[1mreimport[22m | Preparing files to reimport...[39m[0m
[  46% ] [90m[1mreimport[22m | Preparing files to reimport...[39m[0m
[  46% ] [90m[1mreimport[22m | Preparing files to reimport...[39m[0m
[  47% ] [90m[1mreimport[22m | Preparing files to reimport...[39m[0m
[  47% ] [90m[1mreimport[22m | Preparing files to reimport...[39m[0m
[  47% ] [90m[1mreimport[22m | Preparing files to reimport...[39m[0m
[  47% ] [90m[1mreimport[22m | Preparing files to reimport...[39m[0m
[  47% ] [90m[1mreimport[22m | Preparing files to reimport...[39m[0m
[  47% ] [90m[1mreimport[22m | Preparing files to reimport...[39m[0m
[  47% ] [90m[1mreimport[22m | Preparing files to reimport...[39m[0m
[  48% ] [90m[1mreimport[22m | Preparing files to reimport...[39m[0m
[  48% ] [90m[1mreimport[22m | Preparing files to reimport...[39m[0m
[  48% ] [90m[1mreimport[22m | Preparing files to reimport...[39m[0m
[  48% ] [90m[1mreimport[22m | Preparing files to reimport...[39m[0m
[  48% ] [90m[1mreimport[22m | Preparing files to reimport...[39m[0m
[  48% ] [90m[1mreimport[22m | Preparing files to reimport...[39m[0m
[  48% ] [90m[1mreimport[22m | Preparing files to reimport...[39m[0m
[  48% ] [90m[1mreimport[22m | Preparing files to reimport...[39m[0m
[  49% ] [90m[1mreimport[22m | Preparing files to reimport...[39m[0m
[  49% ] [90m[1mreimport[22m | Preparing files to reimport...[39m[0m
[  49% ] [90m[1mreimport[22m | Preparing files to reimport...[39m[0m
[  49% ] [90m[1mreimport[22m | Preparing files to reimport...[39m[0m
[  49% ] [90m[1mreimport[22m | Preparing files to reimport...[39m[0m
[  49% ] [90m[1mreimport[22m | Preparing files to reimport...[39m[0m
[  49% ] [90m[1mreimport[22m | Preparing files to reimport...[39m[0m
[  50% ] [90m[1mreimport[22m | Preparing files to reimport...[39m[0m
[  50% ] [90m[1mreimport[22m | Preparing files to reimport...[39m[0m
[  50% ] [90m[1mreimport[22m | Preparing files to reimport...[39m[0m
[  50% ] [90m[1mreimport[22m | Preparing files to reimport...[39m[0m
[  50% ] [90m[1mreimport[22m | Preparing files to reimport...[39m[0m
[  50% ] [90m[1mreimport[22m | Preparing files to reimport...[39m[0m
[  50% ] [90m[1mreimport[22m | Preparing files to reimport...[39m[0m
[  50% ] [90m[1mreimport[22m | Preparing files to reimport...[39m[0m
[  51% ] [90m[1mreimport[22m | Preparing files to reimport...[39m[0m
[  51% ] [90m[1mreimport[22m | Preparing files to reimport...[39m[0m
[  51% ] [90m[1mreimport[22m | Preparing files to reimport...[39m[0m
[  51% ] [90m[1mreimport[22m | Preparing files to reimport...[39m[0m
[  51% ] [90m[1mreimport[22m | Preparing files to reimport...[39m[0m
[  51% ] [90m[1mreimport[22m | Preparing files to reimport...[39m[0m
[  51% ] [90m[1mreimport[22m | Preparing files to reimport...[39m[0m
[  51% ] [90m[1mreimport[22m | Preparing files to reimport...[39m[0m
[  52% ] [90m[1mreimport[22m | Preparing files to reimport...[39m[0m
[  52% ] [90m[1mreimport[22m | Preparing files to reimport...[39m[0m
[  52% ] [90m[1mreimport[22m | Preparing files to reimport...[39m[0m
[  52% ] [90m[1mreimport[22m | Preparing files to reimport...[39m[0m
[  52% ] [90m[1mreimport[22m | Preparing files to reimport...[39m[0m
[  52% ] [90m[1mreimport[22m | Preparing files to reimport...[39m[0m
[  52% ] [90m[1mreimport[22m | Preparing files to reimport...[39m[0m
[  53% ] [90m[1mreimport[22m | Preparing files to reimport...[39m[0m
[  53% ] [90m[1mreimport[22m | Preparing files to reimport...[39m[0m
[  53% ] [90m[1mreimport[22m | Preparing files to reimport...[39m[0m
[  53% ] [90m[1mreimport[22m | Preparing files to reimport...[39m[0m
[  53% ] [90m[1mreimport[22m | Preparing files to reimport...[39m[0m
[  53% ] [90m[1mreimport[22m | Preparing files to reimport...[39m[0m
[  53% ] [90m[1mreimport[22m | Preparing files to reimport...[39m[0m
[  53% ] [90m[1mreimport[22m | Preparing files to reimport...[39m[0m
[  54% ] [90m[1mreimport[22m | Preparing files to reimport...[39m[0m
[  54% ] [90m[1mreimport[22m | Preparing files to reimport...[39m[0m
[  54% ] [90m[1mreimport[22m | Preparing files to reimport...[39m[0m
[  54% ] [90m[1mreimport[22m | Preparing files to reimport...[39m[0m
[  54% ] [90m[1mreimport[22m | Preparing files to reimport...[39m[0m
[  54% ] [90m[1mreimport[22m | Preparing files to reimport...[39m[0m
[  54% ] [90m[1mreimport[22m | Preparing files to reimport...[39m[0m
[  55% ] [90m[1mreimport[22m | Preparing files to reimport...[39m[0m
[  55% ] [90m[1mreimport[22m | Preparing files to reimport...[39m[0m
[  55% ] [90m[1mreimport[22m | Preparing files to reimport...[39m[0m
[  55% ] [90m[1mreimport[22m | Preparing files to reimport...[39m[0m
[  55% ] [90m[1mreimport[22m | Preparing files to reimport...[39m[0m
[  55% ] [90m[1mreimport[22m | Preparing files to reimport...[39m[0m
[  55% ] [90m[1mreimport[22m | Preparing files to reimport...[39m[0m
[  55% ] [90m[1mreimport[22m | Preparing files to reimport...[39m[0m
[  56% ] [90m[1mreimport[22m | Preparing files to reimport...[39m[0m
[  56% ] [90m[1mreimport[22m | Preparing files to reimport...[39m[0m
[  56% ] [90m[1mreimport[22m | Preparing files to reimport...[39m[0m
[  56% ] [90m[1mreimport[22m | Preparing files to reimport...[39m[0m
[  56% ] [90m[1mreimport[22m | Preparing files to reimport...[39m[0m
[  56% ] [90m[1mreimport[22m | Preparing files to reimport...[39m[0m
[  56% ] [90m[1mreimport[22m | Preparing files to reimport...[39m[0m
[  57% ] [90m[1mreimport[22m | Preparing files to reimport...[39m[0m
[  57% ] [90m[1mreimport[22m | Preparing files to reimport...[39m[0m
[  57% ] [90m[1mreimport[22m | Preparing files to reimport...[39m[0m
[  57% ] [90m[1mreimport[22m | Preparing files to reimport...[39m[0m
[  57% ] [90m[1mreimport[22m | Preparing files to reimport...[39m[0m
[  57% ] [90m[1mreimport[22m | Preparing files to reimport...[39m[0m
[  57% ] [90m[1mreimport[22m | Preparing files to reimport...[39m[0m
[  57% ] [90m[1mreimport[22m | Preparing files to reimport...[39m[0m
[  58% ] [90m[1mreimport[22m | Preparing files to reimport...[39m[0m
[  58% ] [90m[1mreimport[22m | Preparing files to reimport...[39m[0m
[  58% ] [90m[1mreimport[22m | Preparing files to reimport...[39m[0m
[  58% ] [90m[1mreimport[22m | Preparing files to reimport...[39m[0m
[  58% ] [90m[1mreimport[22m | Preparing files to reimport...[39m[0m
[  58% ] [90m[1mreimport[22m | Preparing files to reimport...[39m[0m
[  58% ] [90m[1mreimport[22m | Preparing files to reimport...[39m[0m
[  59% ] [90m[1mreimport[22m | Preparing files to reimport...[39m[0m
[  59% ] [90m[1mreimport[22m | Preparing files to reimport...[39m[0m
[  59% ] [90m[1mreimport[22m | Preparing files to reimport...[39m[0m
[  59% ] [90m[1mreimport[22m | Preparing files to reimport...[39m[0m
[  59% ] [90m[1mreimport[22m | Preparing files to reimport...[39m[0m
[  59% ] [90m[1mreimport[22m | Preparing files to reimport...[39m[0m
[  59% ] [90m[1mreimport[22m | Preparing files to reimport...[39m[0m
[  59% ] [90m[1mreimport[22m | Preparing files to reimport...[39m[0m
[  60% ] [90m[1mreimport[22m | Preparing files to reimport...[39m[0m
[  60% ] [90m[1mreimport[22m | Preparing files to reimport...[39m[0m
[  60% ] [90m[1mreimport[22m | Preparing files to reimport...[39m[0m
[  60% ] [90m[1mreimport[22m | Preparing files to reimport...[39m[0m
[  60% ] [90m[1mreimport[22m | Preparing files to reimport...[39m[0m
[  60% ] [90m[1mreimport[22m | Preparing files to reimport...[39m[0m
[  60% ] [90m[1mreimport[22m | Preparing files to reimport...[39m[0m
[  61% ] [90m[1mreimport[22m | Preparing files to reimport...[39m[0m
[  61% ] [90m[1mreimport[22m | Preparing files to reimport...[39m[0m
[  61% ] [90m[1mreimport[22m | Preparing files to reimport...[39m[0m
[  61% ] [90m[1mreimport[22m | Preparing files to reimport...[39m[0m
[  61% ] [90m[1mreimport[22m | Preparing files to reimport...[39m[0m
[  61% ] [90m[1mreimport[22m | Preparing files to reimport...[39m[0m
[  61% ] [90m[1mreimport[22m | Preparing files to reimport...[39m[0m
[  61% ] [90m[1mreimport[22m | Preparing files to reimport...[39m[0m
[  62% ] [90m[1mreimport[22m | Preparing files to reimport...[39m[0m
[  62% ] [90m[1mreimport[22m | Preparing files to reimport...[39m[0m
[  62% ] [90m[1mreimport[22m | Preparing files to reimport...[39m[0m
[  62% ] [90m[1mreimport[22m | Preparing files to reimport...[39m[0m
[  62% ] [90m[1mreimport[22m | Preparing files to reimport...[39m[0m
[  62% ] [90m[1mreimport[22m | Preparing files to reimport...[39m[0m
[  62% ] [90m[1mreimport[22m | Preparing files to reimport...[39m[0m
[  62% ] [90m[1mreimport[22m | Preparing files to reimport...[39m[0m
[  63% ] [90m[1mreimport[22m | Preparing files to reimport...[39m[0m
[  63% ] [90m[1mreimport[22m | Preparing files to reimport...[39m[0m
[  63% ] [90m[1mreimport[22m | Preparing files to reimport...[39m[0m
[  63% ] [90m[1mreimport[22m | Preparing files to reimport...[39m[0m
[  63% ] [90m[1mreimport[22m | Preparing files to reimport...[39m[0m
[  63% ] [90m[1mreimport[22m | Preparing files to reimport...[39m[0m
[  63% ] [90m[1mreimport[22m | Preparing files to reimport...[39m[0m
[  64% ] [90m[1mreimport[22m | Preparing files to reimport...[39m[0m
[  64% ] [90m[1mreimport[22m | Preparing files to reimport...[39m[0m
[  64% ] [90m[1mreimport[22m | Preparing files to reimport...[39m[0m
[  64% ] [90m[1mreimport[22m | Preparing files to reimport...[39m[0m
[  64% ] [90m[1mreimport[22m | Preparing files to reimport...[39m[0m
[  64% ] [90m[1mreimport[22m | Preparing files to reimport...[39m[0m
[  64% ] [90m[1mreimport[22m | Preparing files to reimport...[39m[0m
[  64% ] [90m[1mreimport[22m | Preparing files to reimport...[39m[0m
[  65% ] [90m[1mreimport[22m | Preparing files to reimport...[39m[0m
[  65% ] [90m[1mreimport[22m | Preparing files to reimport...[39m[0m
[  65% ] [90m[1mreimport[22m | Preparing files to reimport...[39m[0m
[  65% ] [90m[1mreimport[22m | Preparing files to reimport...[39m[0m
[  65% ] [90m[1mreimport[22m | Preparing files to reimport...[39m[0m
[  65% ] [90m[1mreimport[22m | Preparing files to reimport...[39m[0m
[  65% ] [90m[1mreimport[22m | Preparing files to reimport...[39m[0m
[  66% ] [90m[1mreimport[22m | Preparing files to reimport...[39m[0m
[  66% ] [90m[1mreimport[22m | Preparing files to reimport...[39m[0m
[  66% ] [90m[1mreimport[22m | Preparing files to reimport...[39m[0m
[  66% ] [90m[1mreimport[22m | Preparing files to reimport...[39m[0m
[  66% ] [90m[1mreimport[22m | Preparing files to reimport...[39m[0m
[  66% ] [90m[1mreimport[22m | Preparing files to reimport...[39m[0m
[  66% ] [90m[1mreimport[22m | Preparing files to reimport...[39m[0m
[  66% ] [90m[1mreimport[22m | Preparing files to reimport...[39m[0m
[  67% ] [90m[1mreimport[22m | Preparing files to reimport...[39m[0m
[  67% ] [90m[1mreimport[22m | Preparing files to reimport...[39m[0m
[  67% ] [90m[1mreimport[22m | Preparing files to reimport...[39m[0m
[  67% ] [90m[1mreimport[22m | Preparing files to reimport...[39m[0m
[  67% ] [90m[1mreimport[22m | Preparing files to reimport...[39m[0m
[  67% ] [90m[1mreimport[22m | Preparing files to reimport...[39m[0m
[  67% ] [90m[1mreimport[22m | Preparing files to reimport...[39m[0m
[  68% ] [90m[1mreimport[22m | Preparing files to reimport...[39m[0m
[  68% ] [90m[1mreimport[22m | Preparing files to reimport...[39m[0m
[  68% ] [90m[1mreimport[22m | Preparing files to reimport...[39m[0m
[  68% ] [90m[1mreimport[22m | Preparing files to reimport...[39m[0m
[  68% ] [90m[1mreimport[22m | Preparing files to reimport...[39m[0m
[  68% ] [90m[1mreimport[22m | Preparing files to reimport...[39m[0m
[  68% ] [90m[1mreimport[22m | Preparing files to reimport...[39m[0m
[  68% ] [90m[1mreimport[22m | Preparing files to reimport...[39m[0m
[  69% ] [90m[1mreimport[22m | Preparing files to reimport...[39m[0m
[  69% ] [90m[1mreimport[22m | Preparing files to reimport...[39m[0m
[  69% ] [90m[1mreimport[22m | Preparing files to reimport...[39m[0m
[  69% ] [90m[1mreimport[22m | Preparing files to reimport...[39m[0m
[  69% ] [90m[1mreimport[22m | Preparing files to reimport...[39m[0m
[  69% ] [90m[1mreimport[22m | Preparing files to reimport...[39m[0m
[  69% ] [90m[1mreimport[22m | Preparing files to reimport...[39m[0m
[  70% ] [90m[1mreimport[22m | Preparing files to reimport...[39m[0m
[  70% ] [90m[1mreimport[22m | Preparing files to reimport...[39m[0m
[  70% ] [90m[1mreimport[22m | Preparing files to reimport...[39m[0m
[  70% ] [90m[1mreimport[22m | Preparing files to reimport...[39m[0m
[  70% ] [90m[1mreimport[22m | Preparing files to reimport...[39m[0m
[  70% ] [90m[1mreimport[22m | Preparing files to reimport...[39m[0m
[  70% ] [90m[1mreimport[22m | Preparing files to reimport...[39m[0m
[  70% ] [90m[1mreimport[22m | Preparing files to reimport...[39m[0m
[  71% ] [90m[1mreimport[22m | Preparing files to reimport...[39m[0m
[  71% ] [90m[1mreimport[22m | Preparing files to reimport...[39m[0m
[  71% ] [90m[1mreimport[22m | Preparing files to reimport...[39m[0m
[  71% ] [90m[1mreimport[22m | Preparing files to reimport...[39m[0m
[  71% ] [90m[1mreimport[22m | Preparing files to reimport...[39m[0m
[  71% ] [90m[1mreimport[22m | Preparing files to reimport...[39m[0m
[  71% ] [90m[1mreimport[22m | Preparing files to reimport...[39m[0m
[  72% ] [90m[1mreimport[22m | Preparing files to reimport...[39m[0m
[  72% ] [90m[1mreimport[22m | Preparing files to reimport...[39m[0m
[  72% ] [90m[1mreimport[22m | Preparing files to reimport...[39m[0m
[  72% ] [90m[1mreimport[22m | Preparing files to reimport...[39m[0m
[  72% ] [90m[1mreimport[22m | Preparing files to reimport...[39m[0m
[  72% ] [90m[1mreimport[22m | Preparing files to reimport...[39m[0m
[  72% ] [90m[1mreimport[22m | Preparing files to reimport...[39m[0m
[  72% ] [90m[1mreimport[22m | Preparing files to reimport...[39m[0m
[  73% ] [90m[1mreimport[22m | Preparing files to reimport...[39m[0m
[  73% ] [90m[1mreimport[22m | Preparing files to reimport...[39m[0m
[  73% ] [90m[1mreimport[22m | Preparing files to reimport...[39m[0m
[  73% ] [90m[1mreimport[22m | Preparing files to reimport...[39m[0m
[  73% ] [90m[1mreimport[22m | Preparing files to reimport...[39m[0m
[  73% ] [90m[1mreimport[22m | Preparing files to reimport...[39m[0m
[  73% ] [90m[1mreimport[22m | Preparing files to reimport...[39m[0m
[  74% ] [90m[1mreimport[22m | Preparing files to reimport...[39m[0m
[  74% ] [90m[1mreimport[22m | Preparing files to reimport...[39m[0m
[  74% ] [90m[1mreimport[22m | Preparing files to reimport...[39m[0m
[  74% ] [90m[1mreimport[22m | Preparing files to reimport...[39m[0m
[  74% ] [90m[1mreimport[22m | Preparing files to reimport...[39m[0m
[  74% ] [90m[1mreimport[22m | Preparing files to reimport...[39m[0m
[  74% ] [90m[1mreimport[22m | Preparing files to reimport...[39m[0m
[  74% ] [90m[1mreimport[22m | Preparing files to reimport...[39m[0m
[  75% ] [90m[1mreimport[22m | Preparing files to reimport...[39m[0m
[  75% ] [90m[1mreimport[22m | Preparing files to reimport...[39m[0m
[  75% ] [90m[1mreimport[22m | Preparing files to reimport...[39m[0m
[  75% ] [90m[1mreimport[22m | Preparing files to reimport...[39m[0m
[  75% ] [90m[1mreimport[22m | Preparing files to reimport...[39m[0m
[  75% ] [90m[1mreimport[22m | Preparing files to reimport...[39m[0m
[  75% ] [90m[1mreimport[22m | Preparing files to reimport...[39m[0m
[  75% ] [90m[1mreimport[22m | Preparing files to reimport...[39m[0m
[  76% ] [90m[1mreimport[22m | Preparing files to reimport...[39m[0m
[  76% ] [90m[1mreimport[22m | Preparing files to reimport...[39m[0m
[  76% ] [90m[1mreimport[22m | Preparing files to reimport...[39m[0m
[  76% ] [90m[1mreimport[22m | Preparing files to reimport...[39m[0m
[  76% ] [90m[1mreimport[22m | Preparing files to reimport...[39m[0m
[  76% ] [90m[1mreimport[22m | Preparing files to reimport...[39m[0m
[  76% ] [90m[1mreimport[22m | Preparing files to reimport...[39m[0m
[  77% ] [90m[1mreimport[22m | Preparing files to reimport...[39m[0m
[  77% ] [90m[1mreimport[22m | Preparing files to reimport...[39m[0m
[  77% ] [90m[1mreimport[22m | Preparing files to reimport...[39m[0m
[  77% ] [90m[1mreimport[22m | Preparing files to reimport...[39m[0m
[  77% ] [90m[1mreimport[22m | Preparing files to reimport...[39m[0m
[  77% ] [90m[1mreimport[22m | Preparing files to reimport...[39m[0m
[  77% ] [90m[1mreimport[22m | Preparing files to reimport...[39m[0m
[  77% ] [90m[1mreimport[22m | Preparing files to reimport...[39m[0m
[  78% ] [90m[1mreimport[22m | Preparing files to reimport...[39m[0m
[  78% ] [90m[1mreimport[22m | Preparing files to reimport...[39m[0m
[  78% ] [90m[1mreimport[22m | Preparing files to reimport...[39m[0m
[  78% ] [90m[1mreimport[22m | Preparing files to reimport...[39m[0m
[  78% ] [90m[1mreimport[22m | Preparing files to reimport...[39m[0m
[  78% ] [90m[1mreimport[22m | Preparing files to reimport...[39m[0m
[  78% ] [90m[1mreimport[22m | Preparing files to reimport...[39m[0m
[  79% ] [90m[1mreimport[22m | Preparing files to reimport...[39m[0m
[  79% ] [90m[1mreimport[22m | Preparing files to reimport...[39m[0m
[  79% ] [90m[1mreimport[22m | Preparing files to reimport...[39m[0m
[  79% ] [90m[1mreimport[22m | Preparing files to reimport...[39m[0m
[  79% ] [90m[1mreimport[22m | Preparing files to reimport...[39m[0m
[  79% ] [90m[1mreimport[22m | Preparing files to reimport...[39m[0m
[  79% ] [90m[1mreimport[22m | Preparing files to reimport...[39m[0m
[  79% ] [90m[1mreimport[22m | Preparing files to reimport...[39m[0m
[  80% ] [90m[1mreimport[22m | Preparing files to reimport...[39m[0m
[  80% ] [90m[1mreimport[22m | Preparing files to reimport...[39m[0m
[  80% ] [90m[1mreimport[22m | Preparing files to reimport...[39m[0m
[  80% ] [90m[1mreimport[22m | Preparing files to reimport...[39m[0m
[  80% ] [90m[1mreimport[22m | Preparing files to reimport...[39m[0m
[  80% ] [90m[1mreimport[22m | Preparing files to reimport...[39m[0m
[  80% ] [90m[1mreimport[22m | Preparing files to reimport...[39m[0m
[  81% ] [90m[1mreimport[22m | Preparing files to reimport...[39m[0m
[  81% ] [90m[1mreimport[22m | Preparing files to reimport...[39m[0m
[  81% ] [90m[1mreimport[22m | Preparing files to reimport...[39m[0m
[  81% ] [90m[1mreimport[22m | Preparing files to reimport...[39m[0m
[  81% ] [90m[1mreimport[22m | Preparing files to reimport...[39m[0m
[  81% ] [90m[1mreimport[22m | Preparing files to reimport...[39m[0m
[  81% ] [90m[1mreimport[22m | Preparing files to reimport...[39m[0m
[  81% ] [90m[1mreimport[22m | Preparing files to reimport...[39m[0m
[  82% ] [90m[1mreimport[22m | Preparing files to reimport...[39m[0m
[  82% ] [90m[1mreimport[22m | Preparing files to reimport...[39m[0m
[  82% ] [90m[1mreimport[22m | Preparing files to reimport...[39m[0m
[  82% ] [90m[1mreimport[22m | Preparing files to reimport...[39m[0m
[  82% ] [90m[1mreimport[22m | Preparing files to reimport...[39m[0m
[  82% ] [90m[1mreimport[22m | Preparing files to reimport...[39m[0m
[  82% ] [90m[1mreimport[22m | Preparing files to reimport...[39m[0m
[  83% ] [90m[1mreimport[22m | Preparing files to reimport...[39m[0m
[  83% ] [90m[1mreimport[22m | Preparing files to reimport...[39m[0m
[  83% ] [90m[1mreimport[22m | Preparing files to reimport...[39m[0m
[  83% ] [90m[1mreimport[22m | Preparing files to reimport...[39m[0m
[  83% ] [90m[1mreimport[22m | Preparing files to reimport...[39m[0m
[  83% ] [90m[1mreimport[22m | Preparing files to reimport...[39m[0m
[  83% ] [90m[1mreimport[22m | Preparing files to reimport...[39m[0m
[  83% ] [90m[1mreimport[22m | Preparing files to reimport...[39m[0m
[  84% ] [90m[1mreimport[22m | Preparing files to reimport...[39m[0m
[  84% ] [90m[1mreimport[22m | Preparing files to reimport...[39m[0m
[  84% ] [90m[1mreimport[22m | Preparing files to reimport...[39m[0m
[  84% ] [90m[1mreimport[22m | Preparing files to reimport...[39m[0m
[  84% ] [90m[1mreimport[22m | Preparing files to reimport...[39m[0m
[  84% ] [90m[1mreimport[22m | Preparing files to reimport...[39m[0m
[  84% ] [90m[1mreimport[22m | Preparing files to reimport...[39m[0m
[  85% ] [90m[1mreimport[22m | Preparing files to reimport...[39m[0m
[  85% ] [90m[1mreimport[22m | Preparing files to reimport...[39m[0m
[  85% ] [90m[1mreimport[22m | Preparing files to reimport...[39m[0m
[  85% ] [90m[1mreimport[22m | Preparing files to reimport...[39m[0m
[  85% ] [90m[1mreimport[22m | Preparing files to reimport...[39m[0m
[  85% ] [90m[1mreimport[22m | Preparing files to reimport...[39m[0m
[  85% ] [90m[1mreimport[22m | Preparing files to reimport...[39m[0m
[  85% ] [90m[1mreimport[22m | Preparing files to reimport...[39m[0m
[  86% ] [90m[1mreimport[22m | Preparing files to reimport...[39m[0m
[  86% ] [90m[1mreimport[22m | Preparing files to reimport...[39m[0m
[  86% ] [90m[1mreimport[22m | Preparing files to reimport...[39m[0m
[  86% ] [90m[1mreimport[22m | Preparing files to reimport...[39m[0m
[  86% ] [90m[1mreimport[22m | Preparing files to reimport...[39m[0m
[  86% ] [90m[1mreimport[22m | Preparing files to reimport...[39m[0m
[  86% ] [90m[1mreimport[22m | Preparing files to reimport...[39m[0m
[  87% ] [90m[1mreimport[22m | Preparing files to reimport...[39m[0m
[  87% ] [90m[1mreimport[22m | Preparing files to reimport...[39m[0m
[  87% ] [90m[1mreimport[22m | Preparing files to reimport...[39m[0m
[  87% ] [90m[1mreimport[22m | Preparing files to reimport...[39m[0m
[  87% ] [90m[1mreimport[22m | Preparing files to reimport...[39m[0m
[  87% ] [90m[1mreimport[22m | Preparing files to reimport...[39m[0m
[  87% ] [90m[1mreimport[22m | Preparing files to reimport...[39m[0m
[  87% ] [90m[1mreimport[22m | Preparing files to reimport...[39m[0m
[  88% ] [90m[1mreimport[22m | Preparing files to reimport...[39m[0m
[  88% ] [90m[1mreimport[22m | Preparing files to reimport...[39m[0m
[  88% ] [90m[1mreimport[22m | Preparing files to reimport...[39m[0m
[  88% ] [90m[1mreimport[22m | Preparing files to reimport...[39m[0m
[  88% ] [90m[1mreimport[22m | Preparing files to reimport...[39m[0m
[  88% ] [90m[1mreimport[22m | Preparing files to reimport...[39m[0m
[  88% ] [90m[1mreimport[22m | Preparing files to reimport...[39m[0m
[  88% ] [90m[1mreimport[22m | Preparing files to reimport...[39m[0m
[  89% ] [90m[1mreimport[22m | Preparing files to reimport...[39m[0m
[  89% ] [90m[1mreimport[22m | Preparing files to reimport...[39m[0m
[  89% ] [90m[1mreimport[22m | Preparing files to reimport...[39m[0m
[  89% ] [90m[1mreimport[22m | Preparing files to reimport...[39m[0m
[  89% ] [90m[1mreimport[22m | Preparing files to reimport...[39m[0m
[  89% ] [90m[1mreimport[22m | Preparing files to reimport...[39m[0m
[  89% ] [90m[1mreimport[22m | Preparing files to reimport...[39m[0m
[  90% ] [90m[1mreimport[22m | Preparing files to reimport...[39m[0m
[  90% ] [90m[1mreimport[22m | Preparing files to reimport...[39m[0m
[  90% ] [90m[1mreimport[22m | Preparing files to reimport...[39m[0m
[  90% ] [90m[1mreimport[22m | Preparing files to reimport...[39m[0m
[  90% ] [90m[1mreimport[22m | Preparing files to reimport...[39m[0m
[  90% ] [90m[1mreimport[22m | Preparing files to reimport...[39m[0m
[  90% ] [90m[1mreimport[22m | Preparing files to reimport...[39m[0m
[  90% ] [90m[1mreimport[22m | Preparing files to reimport...[39m[0m
[  91% ] [90m[1mreimport[22m | Preparing files to reimport...[39m[0m
[  91% ] [90m[1mreimport[22m | Preparing files to reimport...[39m[0m
[  91% ] [90m[1mreimport[22m | Preparing files to reimport...[39m[0m
[  91% ] [90m[1mreimport[22m | Preparing files to reimport...[39m[0m
[  91% ] [90m[1mreimport[22m | Preparing files to reimport...[39m[0m
[  91% ] [90m[1mreimport[22m | Preparing files to reimport...[39m[0m
[  91% ] [90m[1mreimport[22m | Preparing files to reimport...[39m[0m
[  92% ] [90m[1mreimport[22m | Preparing files to reimport...[39m[0m
[  92% ] [90m[1mreimport[22m | Preparing files to reimport...[39m[0m
[  92% ] [90m[1mreimport[22m | Preparing files to reimport...[39m[0m
[  92% ] [90m[1mreimport[22m | Preparing files to reimport...[39m[0m
[  92% ] [90m[1mreimport[22m | Preparing files to reimport...[39m[0m
[  92% ] [90m[1mreimport[22m | Preparing files to reimport...[39m[0m
[  92% ] [90m[1mreimport[22m | Preparing files to reimport...[39m[0m
[  92% ] [90m[1mreimport[22m | Preparing files to reimport...[39m[0m
[  93% ] [90m[1mreimport[22m | Preparing files to reimport...[39m[0m
[  93% ] [90m[1mreimport[22m | Preparing files to reimport...[39m[0m
[  93% ] [90m[1mreimport[22m | Preparing files to reimport...[39m[0m
[  93% ] [90m[1mreimport[22m | Preparing files to reimport...[39m[0m
[  93% ] [90m[1mreimport[22m | Preparing files to reimport...[39m[0m
[  93% ] [90m[1mreimport[22m | Preparing files to reimport...[39m[0m
[  93% ] [90m[1mreimport[22m | Preparing files to reimport...[39m[0m
[  94% ] [90m[1mreimport[22m | Preparing files to reimport...[39m[0m
[  94% ] [90m[1mreimport[22m | Preparing files to reimport...[39m[0m
[  94% ] [90m[1mreimport[22m | Preparing files to reimport...[39m[0m
[  94% ] [90m[1mreimport[22m | Preparing files to reimport...[39m[0m
[  94% ] [90m[1mreimport[22m | Preparing files to reimport...[39m[0m
[  94% ] [90m[1mreimport[22m | Preparing files to reimport...[39m[0m
[  94% ] [90m[1mreimport[22m | Preparing files to reimport...[39m[0m
[  94% ] [90m[1mreimport[22m | Preparing files to reimport...[39m[0m
[  95% ] [90m[1mreimport[22m | Preparing files to reimport...[39m[0m
[  95% ] [90m[1mreimport[22m | Preparing files to reimport...[39m[0m
[  95% ] [90m[1mreimport[22m | Preparing files to reimport...[39m[0m
[  95% ] [90m[1mreimport[22m | Preparing files to reimport...[39m[0m
[  95% ] [90m[1mreimport[22m | Preparing files to reimport...[39m[0m
[  95% ] [90m[1mreimport[22m | Preparing files to reimport...[39m[0m
[  95% ] [90m[1mreimport[22m | Preparing files to reimport...[39m[0m
[  96% ] [90m[1mreimport[22m | Preparing files to reimport...[39m[0m
[  96% ] [90m[1mreimport[22m | Preparing files to reimport...[39m[0m
[  96% ] [90m[1mreimport[22m | Preparing files to reimport...[39m[0m
[  96% ] [90m[1mreimport[22m | Preparing files to reimport...[39m[0m
[  96% ] [90m[1mreimport[22m | Preparing files to reimport...[39m[0m
[  96% ] [90m[1mreimport[22m | Preparing files to reimport...[39m[0m
[  96% ] [90m[1mreimport[22m | Preparing files to reimport...[39m[0m
[  96% ] [90m[1mreimport[22m | Preparing files to reimport...[39m[0m
[  97% ] [90m[1mreimport[22m | Preparing files to reimport...[39m[0m
[  97% ] [90m[1mreimport[22m | Preparing files to reimport...[39m[0m
[  97% ] [90m[1mreimport[22m | Preparing files to reimport...[39m[0m
[  97% ] [90m[1mreimport[22m | Preparing files to reimport...[39m[0m
[  97% ] [90m[1mreimport[22m | Preparing files to reimport...[39m[0m
[  97% ] [90m[1mreimport[22m | Preparing files to reimport...[39m[0m
[  97% ] [90m[1mreimport[22m | Preparing files to reimport...[39m[0m
[  98% ] [90m[1mreimport[22m | Preparing files to reimport...[39m[0m
[  98% ] [90m[1mreimport[22m | Preparing files to reimport...[39m[0m
[  98% ] [90m[1mreimport[22m | Preparing files to reimport...[39m[0m
[  98% ] [90m[1mreimport[22m | Preparing files to reimport...[39m[0m
[  98% ] [90m[1mreimport[22m | Preparing files to reimport...[39m[0m
[  98% ] [90m[1mreimport[22m | Preparing files to reimport...[39m[0m
[  98% ] [90m[1mreimport[22m | Preparing files to reimport...[39m[0m
[  98% ] [90m[1mreimport[22m | Preparing files to reimport...[39m[0m
[  99% ] [90m[1mreimport[22m | Preparing files to reimport...[39m[0m
[  99% ] [90m[1mreimport[22m | Preparing files to reimport...[39m[0m
[  99% ] [90m[1mreimport[22m | Preparing files to reimport...[39m[0m
[  99% ] [90m[1mreimport[22m | Preparing files to reimport...[39m[0m
[  99% ] [90m[1mreimport[22m | Preparing files to reimport...[39m[0m
[  99% ] [90m[1mreimport[22m | Preparing files to reimport...[39m[0m
[   0% ] [90m[1mreimport[22m | Executing pre-reimport operations...[39m[0m
[   0% ] [90m[1mreimport[22m | 0495.png[39m[0m
[   0% ] [90m[1mreimport[22m | 0496.png[39m[0m
[   0% ] [90m[1mreimport[22m | 0497.png[39m[0m
[   0% ] [90m[1mreimport[22m | 0498.png[39m[0m
[   0% ] [90m[1mreimport[22m | 0499.png[39m[0m
[   0% ] [90m[1mreimport[22m | 0500.png[39m[0m
[   0% ] [90m[1mreimport[22m | 0501.png[39m[0m
[   0% ] [90m[1mreimport[22m | 0502.png[39m[0m
[   1% ] [90m[1mreimport[22m | 0503.png[39m[0m
[   1% ] [90m[1mreimport[22m | 0504.png[39m[0m
[   1% ] [90m[1mreimport[22m | 0505.png[39m[0m
[   1% ] [90m[1mreimport[22m | 0506.png[39m[0m
[   1% ] [90m[1mreimport[22m | 0507.png[39m[0m
[   1% ] [90m[1mreimport[22m | 0508.png[39m[0m
[   1% ] [90m[1mreimport[22m | 0509.png[39m[0m
[   1% ] [90m[1mreimport[22m | 0510.png[39m[0m
[   2% ] [90m[1mreimport[22m | 0511.png[39m[0m
[   2% ] [90m[1mreimport[22m | 0512.png[39m[0m
[   2% ] [90m[1mreimport[22m | 0513.png[39m[0m
[   2% ] [90m[1mreimport[22m | 0514.png[39m[0m
[   2% ] [90m[1mreimport[22m | 0515.png[39m[0m
[   2% ] [90m[1mreimport[22m | 0516.png[39m[0m
[   2% ] [90m[1mreimport[22m | 0517.png[39m[0m
[   3% ] [90m[1mreimport[22m | 0471.png[39m[0m
[   3% ] [90m[1mreimport[22m | 0472.png[39m[0m
[   3% ] [90m[1mreimport[22m | 0473.png[39m[0m
[   3% ] [90m[1mreimport[22m | 0474.png[39m[0m
[   3% ] [90m[1mreimport[22m | 0475.png[39m[0m
[   3% ] [90m[1mreimport[22m | 0476.png[39m[0m
[   3% ] [90m[1mreimport[22m | 0477.png[39m[0m
[   3% ] [90m[1mreimport[22m | 0478.png[39m[0m
[   4% ] [90m[1mreimport[22m | 0479.png[39m[0m
[   4% ] [90m[1mreimport[22m | 0480.png[39m[0m
[   4% ] [90m[1mreimport[22m | 0481.png[39m[0m
[   4% ] [90m[1mreimport[22m | 0482.png[39m[0m
[   4% ] [90m[1mreimport[22m | 0483.png[39m[0m
[   4% ] [90m[1mreimport[22m | 0484.png[39m[0m
[   4% ] [90m[1mreimport[22m | 0485.png[39m[0m
[   5% ] [90m[1mreimport[22m | 0486.png[39m[0m
[   5% ] [90m[1mreimport[22m | 0487.png[39m[0m
[   5% ] [90m[1mreimport[22m | 0488.png[39m[0m
[   5% ] [90m[1mreimport[22m | 0489.png[39m[0m
[   5% ] [90m[1mreimport[22m | 0490.png[39m[0m
[   5% ] [90m[1mreimport[22m | 0491.png[39m[0m
[   5% ] [90m[1mreimport[22m | 0492.png[39m[0m
[   5% ] [90m[1mreimport[22m | 0493.png[39m[0m
[   6% ] [90m[1mreimport[22m | 0494.png[39m[0m
[   6% ] [90m[1mreimport[22m | 0542.png[39m[0m
[   6% ] [90m[1mreimport[22m | 0543.png[39m[0m
[   6% ] [90m[1mreimport[22m | 0544.png[39m[0m
[   6% ] [90m[1mreimport[22m | 0545.png[39m[0m
[   6% ] [90m[1mreimport[22m | 0546.png[39m[0m
[   6% ] [90m[1mreimport[22m | 0547.png[39m[0m
[   7% ] [90m[1mreimport[22m | 0548.png[39m[0m
[   7% ] [90m[1mreimport[22m | 0549.png[39m[0m
[   7% ] [90m[1mreimport[22m | 0550.png[39m[0m
[   7% ] [90m[1mreimport[22m | 0551.png[39m[0m
[   7% ] [90m[1mreimport[22m | 0552.png[39m[0m
[   7% ] [90m[1mreimport[22m | 0553.png[39m[0m
[   7% ] [90m[1mreimport[22m | 0554.png[39m[0m
[   7% ] [90m[1mreimport[22m | 0555.png[39m[0m
[   8% ] [90m[1mreimport[22m | 0556.png[39m[0m
[   8% ] [90m[1mreimport[22m | 0557.png[39m[0m
[   8% ] [90m[1mreimport[22m | 0558.png[39m[0m
[   8% ] [90m[1mreimport[22m | 0559.png[39m[0m
[   8% ] [90m[1mreimport[22m | 0560.png[39m[0m
[   8% ] [90m[1mreimport[22m | 0561.png[39m[0m
[   8% ] [90m[1mreimport[22m | 0562.png[39m[0m
[   9% ] [90m[1mreimport[22m | 0563.png[39m[0m
[   9% ] [90m[1mreimport[22m | 0564.png[39m[0m
[   9% ] [90m[1mreimport[22m | 0518.png[39m[0m
[   9% ] [90m[1mreimport[22m | 0519.png[39m[0m
[   9% ] [90m[1mreimport[22m | 0520.png[39m[0m
[   9% ] [90m[1mreimport[22m | 0521.png[39m[0m
[   9% ] [90m[1mreimport[22m | 0522.png[39m[0m
[   9% ] [90m[1mreimport[22m | 0523.png[39m[0m
[  10% ] [90m[1mreimport[22m | 0524.png[39m[0m
[  10% ] [90m[1mreimport[22m | 0525.png[39m[0m
[  10% ] [90m[1mreimport[22m | 0526.png[39m[0m
[  10% ] [90m[1mreimport[22m | 0527.png[39m[0m
[  10% ] [90m[1mreimport[22m | 0528.png[39m[0m
[  10% ] [90m[1mreimport[22m | 0529.png[39m[0m
[  10% ] [90m[1mreimport[22m | 0530.png[39m[0m
[  11% ] [90m[1mreimport[22m | 0531.png[39m[0m
[  11% ] [90m[1mreimport[22m | 0532.png[39m[0m
[  11% ] [90m[1mreimport[22m | 0533.png[39m[0m
[  11% ] [90m[1mreimport[22m | 0534.png[39m[0m
[  11% ] [90m[1mreimport[22m | 0535.png[39m[0m
[  11% ] [90m[1mreimport[22m | 0536.png[39m[0m
[  11% ] [90m[1mreimport[22m | 0537.png[39m[0m
[  11% ] [90m[1mreimport[22m | 0538.png[39m[0m
[  12% ] [90m[1mreimport[22m | 0539.png[39m[0m
[  12% ] [90m[1mreimport[22m | 0540.png[39m[0m
[  12% ] [90m[1mreimport[22m | 0541.png[39m[0m
[  12% ] [90m[1mreimport[22m | 0401.png[39m[0m
[  12% ] [90m[1mreimport[22m | 0402.png[39m[0m
[  12% ] [90m[1mreimport[22m | 0403.png[39m[0m
[  12% ] [90m[1mreimport[22m | 0404.png[39m[0m
[  12% ] [90m[1mreimport[22m | 0405.png[39m[0m
[  13% ] [90m[1mreimport[22m | 0406.png[39m[0m
[  13% ] [90m[1mreimport[22m | 0407.png[39m[0m
[  13% ] [90m[1mreimport[22m | 0408.png[39m[0m
[  13% ] [90m[1mreimport[22m | 0409.png[39m[0m
[  13% ] [90m[1mreimport[22m | 0410.png[39m[0m
[  13% ] [90m[1mreimport[22m | 0411.png[39m[0m
[  13% ] [90m[1mreimport[22m | 0412.png[39m[0m
[  14% ] [90m[1mreimport[22m | 0413.png[39m[0m
[  14% ] [90m[1mreimport[22m | 0414.png[39m[0m
[  14% ] [90m[1mreimport[22m | 0415.png[39m[0m
[  14% ] [90m[1mreimport[22m | 0416.png[39m[0m
[  14% ] [90m[1mreimport[22m | 0417.png[39m[0m
[  14% ] [90m[1mreimport[22m | 0418.png[39m[0m
[  14% ] [90m[1mreimport[22m | 0419.png[39m[0m
[  14% ] [90m[1mreimport[22m | 0420.png[39m[0m
[  15% ] [90m[1mreimport[22m | 0421.png[39m[0m
[  15% ] [90m[1mreimport[22m | 0422.png[39m[0m
[  15% ] [90m[1mreimport[22m | 0423.png[39m[0m
[  15% ] [90m[1mreimport[22m | 0377.png[39m[0m
[  15% ] [90m[1mreimport[22m | 0378.png[39m[0m
[  15% ] [90m[1mreimport[22m | 0379.png[39m[0m
[  15% ] [90m[1mreimport[22m | 0380.png[39m[0m
[  16% ] [90m[1mreimport[22m | 0381.png[39m[0m
[  16% ] [90m[1mreimport[22m | 0382.png[39m[0m
[  16% ] [90m[1mreimport[22m | 0383.png[39m[0m
[  16% ] [90m[1mreimport[22m | 0384.png[39m[0m
[  16% ] [90m[1mreimport[22m | 0385.png[39m[0m
[  16% ] [90m[1mreimport[22m | 0386.png[39m[0m
[  16% ] [90m[1mreimport[22m | 0387.png[39m[0m
[  16% ] [90m[1mreimport[22m | 0388.png[39m[0m
[  17% ] [90m[1mreimport[22m | 0389.png[39m[0m
[  17% ] [90m[1mreimport[22m | 0390.png[39m[0m
[  17% ] [90m[1mreimport[22m | 0391.png[39m[0m
[  17% ] [90m[1mreimport[22m | 0392.png[39m[0m
[  17% ] [90m[1mreimport[22m | 0393.png[39m[0m
[  17% ] [90m[1mreimport[22m | 0394.png[39m[0m
[  17% ] [90m[1mreimport[22m | 0395.png[39m[0m
[  18% ] [90m[1mreimport[22m | 0396.png[39m[0m
[  18% ] [90m[1mreimport[22m | 0397.png[39m[0m
[  18% ] [90m[1mreimport[22m | 0398.png[39m[0m
[  18% ] [90m[1mreimport[22m | 0399.png[39m[0m
[  18% ] [90m[1mreimport[22m | 0400.png[39m[0m
[  18% ] [90m[1mreimport[22m | 0448.png[39m[0m
[  18% ] [90m[1mreimport[22m | 0449.png[39m[0m
[  18% ] [90m[1mreimport[22m | 0450.png[39m[0m
[  19% ] [90m[1mreimport[22m | 0451.png[39m[0m
[  19% ] [90m[1mreimport[22m | 0452.png[39m[0m
[  19% ] [90m[1mreimport[22m | 0453.png[39m[0m
[  19% ] [90m[1mreimport[22m | 0454.png[39m[0m
[  19% ] [90m[1mreimport[22m | 0455.png[39m[0m
[  19% ] [90m[1mreimport[22m | 0456.png[39m[0m
[  19% ] [90m[1mreimport[22m | 0457.png[39m[0m
[  20% ] [90m[1mreimport[22m | 0458.png[39m[0m
[  20% ] [90m[1mreimport[22m | 0459.png[39m[0m
[  20% ] [90m[1mreimport[22m | 0460.png[39m[0m
[  20% ] [90m[1mreimport[22m | 0461.png[39m[0m
[  20% ] [90m[1mreimport[22m | 0462.png[39m[0m
[  20% ] [90m[1mreimport[22m | 0463.png[39m[0m
[  20% ] [90m[1mreimport[22m | 0464.png[39m[0m
[  20% ] [90m[1mreimport[22m | 0465.png[39m[0m
[  21% ] [90m[1mreimport[22m | 0466.png[39m[0m
[  21% ] [90m[1mreimport[22m | 0467.png[39m[0m
[  21% ] [90m[1mreimport[22m | 0468.png[39m[0m
[  21% ] [90m[1mreimport[22m | 0469.png[39m[0m
[  21% ] [90m[1mreimport[22m | 0470.png[39m[0m
[  21% ] [90m[1mreimport[22m | 0424.png[39m[0m
[  21% ] [90m[1mreimport[22m | 0425.png[39m[0m
[  22% ] [90m[1mreimport[22m | 0426.png[39m[0m
[  22% ] [90m[1mreimport[22m | 0427.png[39m[0m
[  22% ] [90m[1mreimport[22m | 0428.png[39m[0m
[  22% ] [90m[1mreimport[22m | 0429.png[39m[0m
[  22% ] [90m[1mreimport[22m | 0430.png[39m[0m
[  22% ] [90m[1mreimport[22m | 0431.png[39m[0m
[  22% ] [90m[1mreimport[22m | 0432.png[39m[0m
[  22% ] [90m[1mreimport[22m | 0433.png[39m[0m
[  23% ] [90m[1mreimport[22m | 0434.png[39m[0m
[  23% ] [90m[1mreimport[22m | 0435.png[39m[0m
[  23% ] [90m[1mreimport[22m | 0436.png[39m[0m
[  23% ] [90m[1mreimport[22m | 0437.png[39m[0m
[  23% ] [90m[1mreimport[22m | 0438.png[39m[0m
[  23% ] [90m[1mreimport[22m | 0439.png[39m[0m
[  23% ] [90m[1mreimport[22m | 0440.png[39m[0m
[  24% ] [90m[1mreimport[22m | 0441.png[39m[0m
[  24% ] [90m[1mreimport[22m | 0442.png[39m[0m
[  24% ] [90m[1mreimport[22m | 0443.png[39m[0m
[  24% ] [90m[1mreimport[22m | 0444.png[39m[0m
[  24% ] [90m[1mreimport[22m | 0445.png[39m[0m
[  24% ] [90m[1mreimport[22m | 0446.png[39m[0m
[  24% ] [90m[1mreimport[22m | 0447.png[39m[0m
[  24% ] [90m[1mreimport[22m | 0683.png[39m[0m
[  25% ] [90m[1mreimport[22m | 0684.png[39m[0m
[  25% ] [90m[1mreimport[22m | 0685.png[39m[0m
[  25% ] [90m[1mreimport[22m | 0686.png[39m[0m
[  25% ] [90m[1mreimport[22m | 0687.png[39m[0m
[  25% ] [90m[1mreimport[22m | 0688.png[39m[0m
[  25% ] [90m[1mreimport[22m | 0689.png[39m[0m
[  25% ] [90m[1mreimport[22m | 0690.png[39m[0m
[  25% ] [90m[1mreimport[22m | 0691.png[39m[0m
[  26% ] [90m[1mreimport[22m | 0692.png[39m[0m
[  26% ] [90m[1mreimport[22m | 0693.png[39m[0m
[  26% ] [90m[1mreimport[22m | 0694.png[39m[0m
[  26% ] [90m[1mreimport[22m | 0695.png[39m[0m
[  26% ] [90m[1mreimport[22m | 0696.png[39m[0m
[  26% ] [90m[1mreimport[22m | 0697.png[39m[0m
[  26% ] [90m[1mreimport[22m | 0698.png[39m[0m
[  27% ] [90m[1mreimport[22m | 0699.png[39m[0m
[  27% ] [90m[1mreimport[22m | 0700.png[39m[0m
[  27% ] [90m[1mreimport[22m | 0701.png[39m[0m
[  27% ] [90m[1mreimport[22m | 0702.png[39m[0m
[  27% ] [90m[1mreimport[22m | 0703.png[39m[0m
[  27% ] [90m[1mreimport[22m | 0704.png[39m[0m
[  27% ] [90m[1mreimport[22m | 0705.png[39m[0m
[  27% ] [90m[1mreimport[22m | 0659.png[39m[0m
[  28% ] [90m[1mreimport[22m | 0660.png[39m[0m
[  28% ] [90m[1mreimport[22m | 0661.png[39m[0m
[  28% ] [90m[1mreimport[22m | 0662.png[39m[0m
[  28% ] [90m[1mreimport[22m | 0663.png[39m[0m
[  28% ] [90m[1mreimport[22m | 0664.png[39m[0m
[  28% ] [90m[1mreimport[22m | 0665.png[39m[0m
[  28% ] [90m[1mreimport[22m | 0666.png[39m[0m
[  29% ] [90m[1mreimport[22m | 0667.png[39m[0m
[  29% ] [90m[1mreimport[22m | 0668.png[39m[0m
[  29% ] [90m[1mreimport[22m | 0669.png[39m[0m
[  29% ] [90m[1mreimport[22m | 0670.png[39m[0m
[  29% ] [90m[1mreimport[22m | 0671.png[39m[0m
[  29% ] [90m[1mreimport[22m | 0672.png[39m[0m
[  29% ] [90m[1mreimport[22m | 0673.png[39m[0m
[  29% ] [90m[1mreimport[22m | 0674.png[39m[0m
[  30% ] [90m[1mreimport[22m | 0675.png[39m[0m
[  30% ] [90m[1mreimport[22m | 0676.png[39m[0m
[  30% ] [90m[1mreimport[22m | 0677.png[39m[0m
[  30% ] [90m[1mreimport[22m | 0678.png[39m[0m
[  30% ] [90m[1mreimport[22m | 0679.png[39m[0m
[  30% ] [90m[1mreimport[22m | 0680.png[39m[0m
[  30% ] [90m[1mreimport[22m | 0681.png[39m[0m
[  31% ] [90m[1mreimport[22m | 0682.png[39m[0m
[  31% ] [90m[1mreimport[22m | 0730.png[39m[0m
[  31% ] [90m[1mreimport[22m | 0731.png[39m[0m
[  31% ] [90m[1mreimport[22m | 0732.png[39m[0m
[  31% ] [90m[1mreimport[22m | 0733.png[39m[0m
[  31% ] [90m[1mreimport[22m | 0734.png[39m[0m
[  31% ] [90m[1mreimport[22m | 0735.png[39m[0m
[  31% ] [90m[1mreimport[22m | 0736.png[39m[0m
[  32% ] [90m[1mreimport[22m | 0737.png[39m[0m
[  32% ] [90m[1mreimport[22m | 0738.png[39m[0m
[  32% ] [90m[1mreimport[22m | 0739.png[39m[0m
[  32% ] [90m[1mreimport[22m | 0740.png[39m[0m
[  32% ] [90m[1mreimport[22m | 0741.png[39m[0m
[  32% ] [90m[1mreimport[22m | 0742.png[39m[0m
[  32% ] [90m[1mreimport[22m | 0743.png[39m[0m
[  33% ] [90m[1mreimport[22m | 0744.png[39m[0m
[  33% ] [90m[1mreimport[22m | 0745.png[39m[0m
[  33% ] [90m[1mreimport[22m | 0746.png[39m[0m
[  33% ] [90m[1mreimport[22m | 0747.png[39m[0m
[  33% ] [90m[1mreimport[22m | 0748.png[39m[0m
[  33% ] [90m[1mreimport[22m | 0749.png[39m[0m
[  33% ] [90m[1mreimport[22m | 0750.png[39m[0m
[  33% ] [90m[1mreimport[22m | alpha-contact-sheet.jpg[39m[0m
[  34% ] [90m[1mreimport[22m | review-v3-vs-retail-v4.png[39m[0m
[  34% ] [90m[1mreimport[22m | 0706.png[39m[0m
[  34% ] [90m[1mreimport[22m | 0707.png[39m[0m
[  34% ] [90m[1mreimport[22m | 0708.png[39m[0m
[  34% ] [90m[1mreimport[22m | 0709.png[39m[0m
[  34% ] [90m[1mreimport[22m | 0710.png[39m[0m
[  34% ] [90m[1mreimport[22m | 0711.png[39m[0m
[  35% ] [90m[1mreimport[22m | 0712.png[39m[0m
[  35% ] [90m[1mreimport[22m | 0713.png[39m[0m
[  35% ] [90m[1mreimport[22m | 0714.png[39m[0m
[  35% ] [90m[1mreimport[22m | 0715.png[39m[0m
[  35% ] [90m[1mreimport[22m | 0716.png[39m[0m
[  35% ] [90m[1mreimport[22m | 0717.png[39m[0m
[  35% ] [90m[1mreimport[22m | 0718.png[39m[0m
[  35% ] [90m[1mreimport[22m | 0719.png[39m[0m
[  36% ] [90m[1mreimport[22m | 0720.png[39m[0m
[  36% ] [90m[1mreimport[22m | 0721.png[39m[0m
[  36% ] [90m[1mreimport[22m | 0722.png[39m[0m
[  36% ] [90m[1mreimport[22m | 0723.png[39m[0m
[  36% ] [90m[1mreimport[22m | 0724.png[39m[0m
[  36% ] [90m[1mreimport[22m | 0725.png[39m[0m
[  36% ] [90m[1mreimport[22m | 0726.png[39m[0m
[  37% ] [90m[1mreimport[22m | 0727.png[39m[0m
[  37% ] [90m[1mreimport[22m | 0728.png[39m[0m
[  37% ] [90m[1mreimport[22m | 0729.png[39m[0m
[  37% ] [90m[1mreimport[22m | 0589.png[39m[0m
[  37% ] [90m[1mreimport[22m | 0590.png[39m[0m
[  37% ] [90m[1mreimport[22m | 0591.png[39m[0m
[  37% ] [90m[1mreimport[22m | 0592.png[39m[0m
[  37% ] [90m[1mreimport[22m | 0593.png[39m[0m
[  38% ] [90m[1mreimport[22m | 0594.png[39m[0m
[  38% ] [90m[1mreimport[22m | 0595.png[39m[0m
[  38% ] [90m[1mreimport[22m | 0596.png[39m[0m
[  38% ] [90m[1mreimport[22m | 0597.png[39m[0m
[  38% ] [90m[1mreimport[22m | 0598.png[39m[0m
[  38% ] [90m[1mreimport[22m | 0599.png[39m[0m
[  38% ] [90m[1mreimport[22m | 0600.png[39m[0m
[  38% ] [90m[1mreimport[22m | 0601.png[39m[0m
[  39% ] [90m[1mreimport[22m | 0602.png[39m[0m
[  39% ] [90m[1mreimport[22m | 0603.png[39m[0m
[  39% ] [90m[1mreimport[22m | 0604.png[39m[0m
[  39% ] [90m[1mreimport[22m | 0605.png[39m[0m
[  39% ] [90m[1mreimport[22m | 0606.png[39m[0m
[  39% ] [90m[1mreimport[22m | 0607.png[39m[0m
[  39% ] [90m[1mreimport[22m | 0608.png[39m[0m
[  40% ] [90m[1mreimport[22m | 0609.png[39m[0m
[  40% ] [90m[1mreimport[22m | 0610.png[39m[0m
[  40% ] [90m[1mreimport[22m | 0611.png[39m[0m
[  40% ] [90m[1mreimport[22m | 0565.png[39m[0m
[  40% ] [90m[1mreimport[22m | 0566.png[39m[0m
[  40% ] [90m[1mreimport[22m | 0567.png[39m[0m
[  40% ] [90m[1mreimport[22m | 0568.png[39m[0m
[  40% ] [90m[1mreimport[22m | 0569.png[39m[0m
[  41% ] [90m[1mreimport[22m | 0570.png[39m[0m
[  41% ] [90m[1mreimport[22m | 0571.png[39m[0m
[  41% ] [90m[1mreimport[22m | 0572.png[39m[0m
[  41% ] [90m[1mreimport[22m | 0573.png[39m[0m
[  41% ] [90m[1mreimport[22m | 0574.png[39m[0m
[  41% ] [90m[1mreimport[22m | 0575.png[39m[0m
[  41% ] [90m[1mreimport[22m | 0576.png[39m[0m
[  42% ] [90m[1mreimport[22m | 0577.png[39m[0m
[  42% ] [90m[1mreimport[22m | 0578.png[39m[0m
[  42% ] [90m[1mreimport[22m | 0579.png[39m[0m
[  42% ] [90m[1mreimport[22m | 0580.png[39m[0m
[  42% ] [90m[1mreimport[22m | 0581.png[39m[0m
[  42% ] [90m[1mreimport[22m | 0582.png[39m[0m
[  42% ] [90m[1mreimport[22m | 0583.png[39m[0m
[  42% ] [90m[1mreimport[22m | 0584.png[39m[0m
[  43% ] [90m[1mreimport[22m | 0585.png[39m[0m
[  43% ] [90m[1mreimport[22m | 0586.png[39m[0m
[  43% ] [90m[1mreimport[22m | 0587.png[39m[0m
[  43% ] [90m[1mreimport[22m | 0588.png[39m[0m
[  43% ] [90m[1mreimport[22m | 0636.png[39m[0m
[  43% ] [90m[1mreimport[22m | 0637.png[39m[0m
[  43% ] [90m[1mreimport[22m | 0638.png[39m[0m
[  44% ] [90m[1mreimport[22m | 0639.png[39m[0m
[  44% ] [90m[1mreimport[22m | 0640.png[39m[0m
[  44% ] [90m[1mreimport[22m | 0641.png[39m[0m
[  44% ] [90m[1mreimport[22m | 0642.png[39m[0m
[  44% ] [90m[1mreimport[22m | 0643.png[39m[0m
[  44% ] [90m[1mreimport[22m | 0644.png[39m[0m
[  44% ] [90m[1mreimport[22m | 0645.png[39m[0m
[  44% ] [90m[1mreimport[22m | 0646.png[39m[0m
[  45% ] [90m[1mreimport[22m | 0647.png[39m[0m
[  45% ] [90m[1mreimport[22m | 0648.png[39m[0m
[  45% ] [90m[1mreimport[22m | 0649.png[39m[0m
[  45% ] [90m[1mreimport[22m | 0650.png[39m[0m
[  45% ] [90m[1mreimport[22m | 0651.png[39m[0m
[  45% ] [90m[1mreimport[22m | 0652.png[39m[0m
[  45% ] [90m[1mreimport[22m | 0653.png[39m[0m
[  46% ] [90m[1mreimport[22m | 0654.png[39m[0m
[  46% ] [90m[1mreimport[22m | 0655.png[39m[0m
[  46% ] [90m[1mreimport[22m | 0656.png[39m[0m
[  46% ] [90m[1mreimport[22m | 0657.png[39m[0m
[  46% ] [90m[1mreimport[22m | 0658.png[39m[0m
[  46% ] [90m[1mreimport[22m | 0612.png[39m[0m
[  46% ] [90m[1mreimport[22m | 0613.png[39m[0m
[  46% ] [90m[1mreimport[22m | 0614.png[39m[0m
[  47% ] [90m[1mreimport[22m | 0615.png[39m[0m
[  47% ] [90m[1mreimport[22m | 0616.png[39m[0m
[  47% ] [90m[1mreimport[22m | 0617.png[39m[0m
[  47% ] [90m[1mreimport[22m | 0618.png[39m[0m
[  47% ] [90m[1mreimport[22m | 0619.png[39m[0m
[  47% ] [90m[1mreimport[22m | 0620.png[39m[0m
[  47% ] [90m[1mreimport[22m | 0621.png[39m[0m
[  48% ] [90m[1mreimport[22m | 0622.png[39m[0m
[  48% ] [90m[1mreimport[22m | 0623.png[39m[0m
[  48% ] [90m[1mreimport[22m | 0624.png[39m[0m
[  48% ] [90m[1mreimport[22m | 0625.png[39m[0m
[  48% ] [90m[1mreimport[22m | 0626.png[39m[0m
[  48% ] [90m[1mreimport[22m | 0627.png[39m[0m
[  48% ] [90m[1mreimport[22m | 0628.png[39m[0m
[  48% ] [90m[1mreimport[22m | 0629.png[39m[0m
[  49% ] [90m[1mreimport[22m | 0630.png[39m[0m
[  49% ] [90m[1mreimport[22m | 0631.png[39m[0m
[  49% ] [90m[1mreimport[22m | 0632.png[39m[0m
[  49% ] [90m[1mreimport[22m | 0633.png[39m[0m
[  49% ] [90m[1mreimport[22m | 0634.png[39m[0m
[  49% ] [90m[1mreimport[22m | 0635.png[39m[0m
[  49% ] [90m[1mreimport[22m | 0118.png[39m[0m
[  50% ] [90m[1mreimport[22m | 0119.png[39m[0m
[  50% ] [90m[1mreimport[22m | 0120.png[39m[0m
[  50% ] [90m[1mreimport[22m | 0121.png[39m[0m
[  50% ] [90m[1mreimport[22m | 0122.png[39m[0m
[  50% ] [90m[1mreimport[22m | 0123.png[39m[0m
[  50% ] [90m[1mreimport[22m | 0124.png[39m[0m
[  50% ] [90m[1mreimport[22m | 0125.png[39m[0m
[  50% ] [90m[1mreimport[22m | 0126.png[39m[0m
[  51% ] [90m[1mreimport[22m | 0127.png[39m[0m
[  51% ] [90m[1mreimport[22m | 0128.png[39m[0m
[  51% ] [90m[1mreimport[22m | 0129.png[39m[0m
[  51% ] [90m[1mreimport[22m | 0130.png[39m[0m
[  51% ] [90m[1mreimport[22m | 0131.png[39m[0m
[  51% ] [90m[1mreimport[22m | 0132.png[39m[0m
[  51% ] [90m[1mreimport[22m | 0133.png[39m[0m
[  51% ] [90m[1mreimport[22m | 0134.png[39m[0m
[  52% ] [90m[1mreimport[22m | 0135.png[39m[0m
[  52% ] [90m[1mreimport[22m | 0136.png[39m[0m
[  52% ] [90m[1mreimport[22m | 0137.png[39m[0m
[  52% ] [90m[1mreimport[22m | 0138.png[39m[0m
[  52% ] [90m[1mreimport[22m | 0139.png[39m[0m
[  52% ] [90m[1mreimport[22m | 0140.png[39m[0m
[  52% ] [90m[1mreimport[22m | 0094.png[39m[0m
[  53% ] [90m[1mreimport[22m | 0095.png[39m[0m
[  53% ] [90m[1mreimport[22m | 0096.png[39m[0m
[  53% ] [90m[1mreimport[22m | 0097.png[39m[0m
[  53% ] [90m[1mreimport[22m | 0098.png[39m[0m
[  53% ] [90m[1mreimport[22m | 0099.png[39m[0m
[  53% ] [90m[1mreimport[22m | 0100.png[39m[0m
[  53% ] [90m[1mreimport[22m | 0101.png[39m[0m
[  53% ] [90m[1mreimport[22m | 0102.png[39m[0m
[  54% ] [90m[1mreimport[22m | 0103.png[39m[0m
[  54% ] [90m[1mreimport[22m | 0104.png[39m[0m
[  54% ] [90m[1mreimport[22m | 0105.png[39m[0m
[  54% ] [90m[1mreimport[22m | 0106.png[39m[0m
[  54% ] [90m[1mreimport[22m | 0107.png[39m[0m
[  54% ] [90m[1mreimport[22m | 0108.png[39m[0m
[  54% ] [90m[1mreimport[22m | 0109.png[39m[0m
[  55% ] [90m[1mreimport[22m | 0110.png[39m[0m
[  55% ] [90m[1mreimport[22m | 0111.png[39m[0m
[  55% ] [90m[1mreimport[22m | 0112.png[39m[0m
[  55% ] [90m[1mreimport[22m | 0113.png[39m[0m
[  55% ] [90m[1mreimport[22m | 0114.png[39m[0m
[  55% ] [90m[1mreimport[22m | 0115.png[39m[0m
[  55% ] [90m[1mreimport[22m | 0116.png[39m[0m
[  55% ] [90m[1mreimport[22m | 0117.png[39m[0m
[  56% ] [90m[1mreimport[22m | 0165.png[39m[0m
[  56% ] [90m[1mreimport[22m | 0166.png[39m[0m
[  56% ] [90m[1mreimport[22m | 0167.png[39m[0m
[  56% ] [90m[1mreimport[22m | 0168.png[39m[0m
[  56% ] [90m[1mreimport[22m | 0169.png[39m[0m
[  56% ] [90m[1mreimport[22m | 0170.png[39m[0m
[  56% ] [90m[1mreimport[22m | 0171.png[39m[0m
[  57% ] [90m[1mreimport[22m | 0172.png[39m[0m
[  57% ] [90m[1mreimport[22m | 0173.png[39m[0m
[  57% ] [90m[1mreimport[22m | 0174.png[39m[0m
[  57% ] [90m[1mreimport[22m | 0175.png[39m[0m
[  57% ] [90m[1mreimport[22m | 0176.png[39m[0m
[  57% ] [90m[1mreimport[22m | 0177.png[39m[0m
[  57% ] [90m[1mreimport[22m | 0178.png[39m[0m
[  57% ] [90m[1mreimport[22m | 0179.png[39m[0m
[  58% ] [90m[1mreimport[22m | 0180.png[39m[0m
[  58% ] [90m[1mreimport[22m | 0181.png[39m[0m
[  58% ] [90m[1mreimport[22m | 0182.png[39m[0m
[  58% ] [90m[1mreimport[22m | 0183.png[39m[0m
[  58% ] [90m[1mreimport[22m | 0184.png[39m[0m
[  58% ] [90m[1mreimport[22m | 0185.png[39m[0m
[  58% ] [90m[1mreimport[22m | 0186.png[39m[0m
[  59% ] [90m[1mreimport[22m | 0187.png[39m[0m
[  59% ] [90m[1mreimport[22m | 0141.png[39m[0m
[  59% ] [90m[1mreimport[22m | 0142.png[39m[0m
[  59% ] [90m[1mreimport[22m | 0143.png[39m[0m
[  59% ] [90m[1mreimport[22m | 0144.png[39m[0m
[  59% ] [90m[1mreimport[22m | 0145.png[39m[0m
[  59% ] [90m[1mreimport[22m | 0146.png[39m[0m
[  59% ] [90m[1mreimport[22m | 0147.png[39m[0m
[  60% ] [90m[1mreimport[22m | 0148.png[39m[0m
[  60% ] [90m[1mreimport[22m | 0149.png[39m[0m
[  60% ] [90m[1mreimport[22m | 0150.png[39m[0m
[  60% ] [90m[1mreimport[22m | 0151.png[39m[0m
[  60% ] [90m[1mreimport[22m | 0152.png[39m[0m
[  60% ] [90m[1mreimport[22m | 0153.png[39m[0m
[  60% ] [90m[1mreimport[22m | 0154.png[39m[0m
[  61% ] [90m[1mreimport[22m | 0155.png[39m[0m
[  61% ] [90m[1mreimport[22m | 0156.png[39m[0m
[  61% ] [90m[1mreimport[22m | 0157.png[39m[0m
[  61% ] [90m[1mreimport[22m | 0158.png[39m[0m
[  61% ] [90m[1mreimport[22m | 0159.png[39m[0m
[  61% ] [90m[1mreimport[22m | 0160.png[39m[0m
[  61% ] [90m[1mreimport[22m | 0161.png[39m[0m
[  61% ] [90m[1mreimport[22m | 0162.png[39m[0m
[  62% ] [90m[1mreimport[22m | 0163.png[39m[0m
[  62% ] [90m[1mreimport[22m | 0164.png[39m[0m
[  62% ] [90m[1mreimport[22m | 0024.png[39m[0m
[  62% ] [90m[1mreimport[22m | 0025.png[39m[0m
[  62% ] [90m[1mreimport[22m | 0026.png[39m[0m
[  62% ] [90m[1mreimport[22m | 0027.png[39m[0m
[  62% ] [90m[1mreimport[22m | 0028.png[39m[0m
[  62% ] [90m[1mreimport[22m | 0029.png[39m[0m
[  63% ] [90m[1mreimport[22m | 0030.png[39m[0m
[  63% ] [90m[1mreimport[22m | 0031.png[39m[0m
[  63% ] [90m[1mreimport[22m | 0032.png[39m[0m
[  63% ] [90m[1mreimport[22m | 0033.png[39m[0m
[  63% ] [90m[1mreimport[22m | 0034.png[39m[0m
[  63% ] [90m[1mreimport[22m | 0035.png[39m[0m
[  63% ] [90m[1mreimport[22m | 0036.png[39m[0m
[  64% ] [90m[1mreimport[22m | 0037.png[39m[0m
[  64% ] [90m[1mreimport[22m | 0038.png[39m[0m
[  64% ] [90m[1mreimport[22m | 0039.png[39m[0m
[  64% ] [90m[1mreimport[22m | 0040.png[39m[0m
[  64% ] [90m[1mreimport[22m | 0041.png[39m[0m
[  64% ] [90m[1mreimport[22m | 0042.png[39m[0m
[  64% ] [90m[1mreimport[22m | 0043.png[39m[0m
[  64% ] [90m[1mreimport[22m | 0044.png[39m[0m
[  65% ] [90m[1mreimport[22m | 0045.png[39m[0m
[  65% ] [90m[1mreimport[22m | 0046.png[39m[0m
[  65% ] [90m[1mreimport[22m | 0000.png[39m[0m
[  65% ] [90m[1mreimport[22m | 0001.png[39m[0m
[  65% ] [90m[1mreimport[22m | 0002.png[39m[0m
[  65% ] [90m[1mreimport[22m | 0003.png[39m[0m
[  65% ] [90m[1mreimport[22m | 0004.png[39m[0m
[  66% ] [90m[1mreimport[22m | 0005.png[39m[0m
[  66% ] [90m[1mreimport[22m | 0006.png[39m[0m
[  66% ] [90m[1mreimport[22m | 0007.png[39m[0m
[  66% ] [90m[1mreimport[22m | 0008.png[39m[0m
[  66% ] [90m[1mreimport[22m | 0009.png[39m[0m
[  66% ] [90m[1mreimport[22m | 0010.png[39m[0m
[  66% ] [90m[1mreimport[22m | 0011.png[39m[0m
[  66% ] [90m[1mreimport[22m | 0012.png[39m[0m
[  67% ] [90m[1mreimport[22m | 0013.png[39m[0m
[  67% ] [90m[1mreimport[22m | 0014.png[39m[0m
[  67% ] [90m[1mreimport[22m | 0015.png[39m[0m
[  67% ] [90m[1mreimport[22m | 0016.png[39m[0m
[  67% ] [90m[1mreimport[22m | 0017.png[39m[0m
[  67% ] [90m[1mreimport[22m | 0018.png[39m[0m
[  67% ] [90m[1mreimport[22m | 0019.png[39m[0m
[  68% ] [90m[1mreimport[22m | 0020.png[39m[0m
[  68% ] [90m[1mreimport[22m | 0021.png[39m[0m
[  68% ] [90m[1mreimport[22m | 0022.png[39m[0m
[  68% ] [90m[1mreimport[22m | 0023.png[39m[0m
[  68% ] [90m[1mreimport[22m | 0071.png[39m[0m
[  68% ] [90m[1mreimport[22m | 0072.png[39m[0m
[  68% ] [90m[1mreimport[22m | 0073.png[39m[0m
[  68% ] [90m[1mreimport[22m | 0074.png[39m[0m
[  69% ] [90m[1mreimport[22m | 0075.png[39m[0m
[  69% ] [90m[1mreimport[22m | 0076.png[39m[0m
[  69% ] [90m[1mreimport[22m | 0077.png[39m[0m
[  69% ] [90m[1mreimport[22m | 0078.png[39m[0m
[  69% ] [90m[1mreimport[22m | 0079.png[39m[0m
[  69% ] [90m[1mreimport[22m | 0080.png[39m[0m
[  69% ] [90m[1mreimport[22m | 0081.png[39m[0m
[  70% ] [90m[1mreimport[22m | 0082.png[39m[0m
[  70% ] [90m[1mreimport[22m | 0083.png[39m[0m
[  70% ] [90m[1mreimport[22m | 0084.png[39m[0m
[  70% ] [90m[1mreimport[22m | 0085.png[39m[0m
[  70% ] [90m[1mreimport[22m | 0086.png[39m[0m
[  70% ] [90m[1mreimport[22m | 0087.png[39m[0m
[  70% ] [90m[1mreimport[22m | 0088.png[39m[0m
[  70% ] [90m[1mreimport[22m | 0089.png[39m[0m
[  71% ] [90m[1mreimport[22m | 0090.png[39m[0m
[  71% ] [90m[1mreimport[22m | 0091.png[39m[0m
[  71% ] [90m[1mreimport[22m | 0092.png[39m[0m
[  71% ] [90m[1mreimport[22m | 0093.png[39m[0m
[  71% ] [90m[1mreimport[22m | 0047.png[39m[0m
[  71% ] [90m[1mreimport[22m | 0048.png[39m[0m
[  71% ] [90m[1mreimport[22m | 0049.png[39m[0m
[  72% ] [90m[1mreimport[22m | 0050.png[39m[0m
[  72% ] [90m[1mreimport[22m | 0051.png[39m[0m
[  72% ] [90m[1mreimport[22m | 0052.png[39m[0m
[  72% ] [90m[1mreimport[22m | 0053.png[39m[0m
[  72% ] [90m[1mreimport[22m | 0054.png[39m[0m
[  72% ] [90m[1mreimport[22m | 0055.png[39m[0m
[  72% ] [90m[1mreimport[22m | 0056.png[39m[0m
[  72% ] [90m[1mreimport[22m | 0057.png[39m[0m
[  73% ] [90m[1mreimport[22m | 0058.png[39m[0m
[  73% ] [90m[1mreimport[22m | 0059.png[39m[0m
[  73% ] [90m[1mreimport[22m | 0060.png[39m[0m
[  73% ] [90m[1mreimport[22m | 0061.png[39m[0m
[  73% ] [90m[1mreimport[22m | 0062.png[39m[0m
[  73% ] [90m[1mreimport[22m | 0063.png[39m[0m
[  73% ] [90m[1mreimport[22m | 0064.png[39m[0m
[  74% ] [90m[1mreimport[22m | 0065.png[39m[0m
[  74% ] [90m[1mreimport[22m | 0066.png[39m[0m
[  74% ] [90m[1mreimport[22m | 0067.png[39m[0m
[  74% ] [90m[1mreimport[22m | 0068.png[39m[0m
[  74% ] [90m[1mreimport[22m | 0069.png[39m[0m
[  74% ] [90m[1mreimport[22m | 0070.png[39m[0m
[  74% ] [90m[1mreimport[22m | 0307.png[39m[0m
[  74% ] [90m[1mreimport[22m | 0308.png[39m[0m
[  75% ] [90m[1mreimport[22m | 0309.png[39m[0m
[  75% ] [90m[1mreimport[22m | 0310.png[39m[0m
[  75% ] [90m[1mreimport[22m | 0311.png[39m[0m
[  75% ] [90m[1mreimport[22m | 0312.png[39m[0m
[  75% ] [90m[1mreimport[22m | 0313.png[39m[0m
[  75% ] [90m[1mreimport[22m | 0314.png[39m[0m
[  75% ] [90m[1mreimport[22m | 0315.png[39m[0m
[  75% ] [90m[1mreimport[22m | 0316.png[39m[0m
[  76% ] [90m[1mreimport[22m | 0317.png[39m[0m
[  76% ] [90m[1mreimport[22m | 0318.png[39m[0m
[  76% ] [90m[1mreimport[22m | 0319.png[39m[0m
[  76% ] [90m[1mreimport[22m | 0320.png[39m[0m
[  76% ] [90m[1mreimport[22m | 0321.png[39m[0m
[  76% ] [90m[1mreimport[22m | 0322.png[39m[0m
[  76% ] [90m[1mreimport[22m | 0323.png[39m[0m
[  77% ] [90m[1mreimport[22m | 0324.png[39m[0m
[  77% ] [90m[1mreimport[22m | 0325.png[39m[0m
[  77% ] [90m[1mreimport[22m | 0326.png[39m[0m
[  77% ] [90m[1mreimport[22m | 0327.png[39m[0m
[  77% ] [90m[1mreimport[22m | 0328.png[39m[0m
[  77% ] [90m[1mreimport[22m | 0329.png[39m[0m
[  77% ] [90m[1mreimport[22m | 0283.png[39m[0m
[  77% ] [90m[1mreimport[22m | 0284.png[39m[0m
[  78% ] [90m[1mreimport[22m | 0285.png[39m[0m
[  78% ] [90m[1mreimport[22m | 0286.png[39m[0m
[  78% ] [90m[1mreimport[22m | 0287.png[39m[0m
[  78% ] [90m[1mreimport[22m | 0288.png[39m[0m
[  78% ] [90m[1mreimport[22m | 0289.png[39m[0m
[  78% ] [90m[1mreimport[22m | 0290.png[39m[0m
[  78% ] [90m[1mreimport[22m | 0291.png[39m[0m
[  79% ] [90m[1mreimport[22m | 0292.png[39m[0m
[  79% ] [90m[1mreimport[22m | 0293.png[39m[0m
[  79% ] [90m[1mreimport[22m | 0294.png[39m[0m
[  79% ] [90m[1mreimport[22m | 0295.png[39m[0m
[  79% ] [90m[1mreimport[22m | 0296.png[39m[0m
[  79% ] [90m[1mreimport[22m | 0297.png[39m[0m
[  79% ] [90m[1mreimport[22m | 0298.png[39m[0m
[  79% ] [90m[1mreimport[22m | 0299.png[39m[0m
[  80% ] [90m[1mreimport[22m | 0300.png[39m[0m
[  80% ] [90m[1mreimport[22m | 0301.png[39m[0m
[  80% ] [90m[1mreimport[22m | 0302.png[39m[0m
[  80% ] [90m[1mreimport[22m | 0303.png[39m[0m
[  80% ] [90m[1mreimport[22m | 0304.png[39m[0m
[  80% ] [90m[1mreimport[22m | 0305.png[39m[0m
[  80% ] [90m[1mreimport[22m | 0306.png[39m[0m
[  81% ] [90m[1mreimport[22m | 0354.png[39m[0m
[  81% ] [90m[1mreimport[22m | 0355.png[39m[0m
[  81% ] [90m[1mreimport[22m | 0356.png[39m[0m
[  81% ] [90m[1mreimport[22m | 0357.png[39m[0m
[  81% ] [90m[1mreimport[22m | 0358.png[39m[0m
[  81% ] [90m[1mreimport[22m | 0359.png[39m[0m
[  81% ] [90m[1mreimport[22m | 0360.png[39m[0m
[  81% ] [90m[1mreimport[22m | 0361.png[39m[0m
[  82% ] [90m[1mreimport[22m | 0362.png[39m[0m
[  82% ] [90m[1mreimport[22m | 0363.png[39m[0m
[  82% ] [90m[1mreimport[22m | 0364.png[39m[0m
[  82% ] [90m[1mreimport[22m | 0365.png[39m[0m
[  82% ] [90m[1mreimport[22m | 0366.png[39m[0m
[  82% ] [90m[1mreimport[22m | 0367.png[39m[0m
[  82% ] [90m[1mreimport[22m | 0368.png[39m[0m
[  83% ] [90m[1mreimport[22m | 0369.png[39m[0m
[  83% ] [90m[1mreimport[22m | 0370.png[39m[0m
[  83% ] [90m[1mreimport[22m | 0371.png[39m[0m
[  83% ] [90m[1mreimport[22m | 0372.png[39m[0m
[  83% ] [90m[1mreimport[22m | 0373.png[39m[0m
[  83% ] [90m[1mreimport[22m | 0374.png[39m[0m
[  83% ] [90m[1mreimport[22m | 0375.png[39m[0m
[  83% ] [90m[1mreimport[22m | 0376.png[39m[0m
[  84% ] [90m[1mreimport[22m | 0330.png[39m[0m
[  84% ] [90m[1mreimport[22m | 0331.png[39m[0m
[  84% ] [90m[1mreimport[22m | 0332.png[39m[0m
[  84% ] [90m[1mreimport[22m | 0333.png[39m[0m
[  84% ] [90m[1mreimport[22m | 0334.png[39m[0m
[  84% ] [90m[1mreimport[22m | 0335.png[39m[0m
[  84% ] [90m[1mreimport[22m | 0336.png[39m[0m
[  85% ] [90m[1mreimport[22m | 0337.png[39m[0m
[  85% ] [90m[1mreimport[22m | 0338.png[39m[0m
[  85% ] [90m[1mreimport[22m | 0339.png[39m[0m
[  85% ] [90m[1mreimport[22m | 0340.png[39m[0m
[  85% ] [90m[1mreimport[22m | 0341.png[39m[0m
[  85% ] [90m[1mreimport[22m | 0342.png[39m[0m
[  85% ] [90m[1mreimport[22m | 0343.png[39m[0m
[  85% ] [90m[1mreimport[22m | 0344.png[39m[0m
[  86% ] [90m[1mreimport[22m | 0345.png[39m[0m
[  86% ] [90m[1mreimport[22m | 0346.png[39m[0m
[  86% ] [90m[1mreimport[22m | 0347.png[39m[0m
[  86% ] [90m[1mreimport[22m | 0348.png[39m[0m
[  86% ] [90m[1mreimport[22m | 0349.png[39m[0m
[  86% ] [90m[1mreimport[22m | 0350.png[39m[0m
[  86% ] [90m[1mreimport[22m | 0351.png[39m[0m
[  87% ] [90m[1mreimport[22m | 0352.png[39m[0m
[  87% ] [90m[1mreimport[22m | 0353.png[39m[0m
[  87% ] [90m[1mreimport[22m | 0212.png[39m[0m
[  87% ] [90m[1mreimport[22m | 0213.png[39m[0m
[  87% ] [90m[1mreimport[22m | 0214.png[39m[0m
[  87% ] [90m[1mreimport[22m | 0215.png[39m[0m
[  87% ] [90m[1mreimport[22m | 0216.png[39m[0m
[  87% ] [90m[1mreimport[22m | 0217.png[39m[0m
[  88% ] [90m[1mreimport[22m | 0218.png[39m[0m
[  88% ] [90m[1mreimport[22m | 0219.png[39m[0m
[  88% ] [90m[1mreimport[22m | 0220.png[39m[0m
[  88% ] [90m[1mreimport[22m | 0221.png[39m[0m
[  88% ] [90m[1mreimport[22m | 0222.png[39m[0m
[  88% ] [90m[1mreimport[22m | 0223.png[39m[0m
[  88% ] [90m[1mreimport[22m | 0224.png[39m[0m
[  88% ] [90m[1mreimport[22m | 0225.png[39m[0m
[  89% ] [90m[1mreimport[22m | 0226.png[39m[0m
[  89% ] [90m[1mreimport[22m | 0227.png[39m[0m
[  89% ] [90m[1mreimport[22m | 0228.png[39m[0m
[  89% ] [90m[1mreimport[22m | 0229.png[39m[0m
[  89% ] [90m[1mreimport[22m | 0230.png[39m[0m
[  89% ] [90m[1mreimport[22m | 0231.png[39m[0m
[  89% ] [90m[1mreimport[22m | 0232.png[39m[0m
[  90% ] [90m[1mreimport[22m | 0233.png[39m[0m
[  90% ] [90m[1mreimport[22m | 0234.png[39m[0m
[  90% ] [90m[1mreimport[22m | 0188.png[39m[0m
[  90% ] [90m[1mreimport[22m | 0189.png[39m[0m
[  90% ] [90m[1mreimport[22m | 0190.png[39m[0m
[  90% ] [90m[1mreimport[22m | 0191.png[39m[0m
[  90% ] [90m[1mreimport[22m | 0192.png[39m[0m
[  90% ] [90m[1mreimport[22m | 0193.png[39m[0m
[  91% ] [90m[1mreimport[22m | 0194.png[39m[0m
[  91% ] [90m[1mreimport[22m | 0195.png[39m[0m
[  91% ] [90m[1mreimport[22m | 0196.png[39m[0m
[  91% ] [90m[1mreimport[22m | 0197.png[39m[0m
[  91% ] [90m[1mreimport[22m | 0198.png[39m[0m
[  91% ] [90m[1mreimport[22m | 0199.png[39m[0m
[  91% ] [90m[1mreimport[22m | 0200.png[39m[0m
[  92% ] [90m[1mreimport[22m | 0201.png[39m[0m
[  92% ] [90m[1mreimport[22m | 0202.png[39m[0m
[  92% ] [90m[1mreimport[22m | 0203.png[39m[0m
[  92% ] [90m[1mreimport[22m | 0204.png[39m[0m
[  92% ] [90m[1mreimport[22m | 0205.png[39m[0m
[  92% ] [90m[1mreimport[22m | 0206.png[39m[0m
[  92% ] [90m[1mreimport[22m | 0207.png[39m[0m
[  92% ] [90m[1mreimport[22m | 0208.png[39m[0m
[  93% ] [90m[1mreimport[22m | 0209.png[39m[0m
[  93% ] [90m[1mreimport[22m | 0210.png[39m[0m
[  93% ] [90m[1mreimport[22m | 0211.png[39m[0m
[  93% ] [90m[1mreimport[22m | 0259.png[39m[0m
[  93% ] [90m[1mreimport[22m | 0260.png[39m[0m
[  93% ] [90m[1mreimport[22m | 0261.png[39m[0m
[  93% ] [90m[1mreimport[22m | 0262.png[39m[0m
[  94% ] [90m[1mreimport[22m | 0263.png[39m[0m
[  94% ] [90m[1mreimport[22m | 0264.png[39m[0m
[  94% ] [90m[1mreimport[22m | 0265.png[39m[0m
[  94% ] [90m[1mreimport[22m | 0266.png[39m[0m
[  94% ] [90m[1mreimport[22m | 0267.png[39m[0m
[  94% ] [90m[1mreimport[22m | 0268.png[39m[0m
[  94% ] [90m[1mreimport[22m | 0269.png[39m[0m
[  94% ] [90m[1mreimport[22m | 0270.png[39m[0m
[  95% ] [90m[1mreimport[22m | 0271.png[39m[0m
[  95% ] [90m[1mreimport[22m | 0272.png[39m[0m
[  95% ] [90m[1mreimport[22m | 0273.png[39m[0m
[  95% ] [90m[1mreimport[22m | 0274.png[39m[0m
[  95% ] [90m[1mreimport[22m | 0275.png[39m[0m
[  95% ] [90m[1mreimport[22m | 0276.png[39m[0m
[  95% ] [90m[1mreimport[22m | 0277.png[39m[0m
[  96% ] [90m[1mreimport[22m | 0278.png[39m[0m
[  96% ] [90m[1mreimport[22m | 0279.png[39m[0m
[  96% ] [90m[1mreimport[22m | 0280.png[39m[0m
[  96% ] [90m[1mreimport[22m | 0281.png[39m[0m
[  96% ] [90m[1mreimport[22m | 0282.png[39m[0m
[  96% ] [90m[1mreimport[22m | 0235.png[39m[0m
[  96% ] [90m[1mreimport[22m | 0236.png[39m[0m
[  96% ] [90m[1mreimport[22m | 0237.png[39m[0m
[  97% ] [90m[1mreimport[22m | 0238.png[39m[0m
[  97% ] [90m[1mreimport[22m | 0239.png[39m[0m
[  97% ] [90m[1mreimport[22m | 0240.png[39m[0m
[  97% ] [90m[1mreimport[22m | 0241.png[39m[0m
[  97% ] [90m[1mreimport[22m | 0242.png[39m[0m
[  97% ] [90m[1mreimport[22m | 0243.png[39m[0m
[  97% ] [90m[1mreimport[22m | 0244.png[39m[0m
[  98% ] [90m[1mreimport[22m | 0245.png[39m[0m
[  98% ] [90m[1mreimport[22m | 0246.png[39m[0m
[  98% ] [90m[1mreimport[22m | 0247.png[39m[0m
[  98% ] [90m[1mreimport[22m | 0248.png[39m[0m
[  98% ] [90m[1mreimport[22m | 0249.png[39m[0m
[  98% ] [90m[1mreimport[22m | 0250.png[39m[0m
[  98% ] [90m[1mreimport[22m | 0251.png[39m[0m
[  98% ] [90m[1mreimport[22m | 0252.png[39m[0m
[  99% ] [90m[1mreimport[22m | 0253.png[39m[0m
[  99% ] [90m[1mreimport[22m | 0254.png[39m[0m
[  99% ] [90m[1mreimport[22m | 0255.png[39m[0m
[  99% ] [90m[1mreimport[22m | 0256.png[39m[0m
[  99% ] [90m[1mreimport[22m | 0257.png[39m[0m
[  99% ] [90m[1mreimport[22m | 0258.png[39m[0m
[  99% ] [90m[1mreimport[22m | Finalizing Asset Import...[39m[0m
[92m[ DONE ][39m [1mreimport[22m
[0m
[   0% ] [90m[1mreimport[22m | Started (Re)Importing Assets (753 steps)[39m[0m
[   0% ] [90m[1mreimport[22m | Executing post-reimport operations...[39m[0m
[92m[ DONE ][39m [1mreimport[22m
[0m
[   0% ] [90m[1mloading_editor_layout[22m | Started Loading editor (5 steps)[39m[0m
[   0% ] [90m[1mloading_editor_layout[22m | Loading editor layout...[39m[0m
[  16% ] [90m[1mloading_editor_layout[22m | Loading docks...[39m[0m
[92m[ DONE ][39m [1mloading_editor_layout[22m
[0m
